id,device,accX,accY,accZ,millis,created,gyX,gyY,gyZ,magX,magY,magZ,yaw,pitch,roll,temp
1360957,pilot02,-90.8813,-91.3696,908.5693,169045981,2020-04-28 00:00:14.853,0,0,0,0,0,0,0,0,0,0
1360958,pilot02,-93.1396,-89.7827,911.1328,169065246,2020-04-28 00:00:32.003,0,0,0,0,0,0,0,0,0,0
1360959,pilot02,-92.6514,-87.4023,908.8745,169082377,2020-04-28 00:00:50.710,0,0,0,0,0,0,0,0,0,0
1360960,pilot02,-88.9893,-88.9282,914.6118,169101101,2020-04-28 00:01:09.083,0,0,0,0,0,0,0,0,0,0
1360961,pilot02,-95.7642,-91.4917,904.0527,169119471,2020-04-28 00:01:25.957,0,0,0,0,0,0,0,0,0,0
1360962,pilot02,-87.8296,-94.1772,910.9497,169136348,2020-04-28 00:01:42.747,0,0,0,0,0,0,0,0,0,0
1360963,pilot02,-92.4683,-88.1958,913.8184,169153135,2020-04-28 00:02:01.107,0,0,0,0,0,0,0,0,0,0
1360964,pilot02,-89.9658,-95.7642,895.1416,169171490,2020-04-28 00:02:19.233,0,0,0,0,0,0,0,0,0,0
1360965,pilot02,-89.1113,-100.0977,909.3018,169189606,2020-04-28 00:02:37.477,0,0,0,0,0,0,0,0,0,0
1360966,pilot02,-88.8062,-86.9751,932.251,169207931,2020-04-28 00:02:59.343,0,0,0,0,0,0,0,0,0,0
1360967,pilot02,-97.5342,-86.853,907.959,169229706,2020-04-28 00:03:16.997,0,0,0,0,0,0,0,0,0,0
1360968,pilot02,-92.2852,-87.7686,912.4756,169247367,2020-04-28 00:03:36.480,0,0,0,0,0,0,0,0,0,0
1360969,pilot02,-93.1396,-90.5151,910.3394,169266855,2020-04-28 00:03:55.097,0,0,0,0,0,0,0,0,0,0
1360970,pilot02,-94.6045,-88.9282,905.5176,169285480,2020-04-28 00:04:14.113,0,0,0,0,0,0,0,0,0,0
1360971,pilot02,-93.1396,-87.4023,908.02,169304494,2020-04-28 00:04:33.907,0,0,0,0,0,0,0,0,0,0
1360972,pilot02,-93.1396,-90.332,908.6304,169324282,2020-04-28 00:04:53.207,0,0,0,0,0,0,0,0,0,0
1360973,pilot02,-90.332,-89.1724,907.1655,169343586,2020-04-28 00:05:14.210,0,0,0,0,0,0,0,0,0,0
1360974,pilot02,-91.3696,-88.4399,906.311,169364582,2020-04-28 00:05:33.957,0,0,0,0,0,0,0,0,0,0
1360975,pilot02,-92.1021,-90.271,906.6162,169384350,2020-04-28 00:05:54.517,0,0,0,0,0,0,0,0,0,0
1360976,pilot02,-90.271,-88.1958,914.4287,169404892,2020-04-28 00:06:12.233,0,0,0,0,0,0,0,0,0,0
1360977,pilot02,-92.7734,-90.6372,908.8745,169422608,2020-04-28 00:06:29.593,0,0,0,0,0,0,0,0,0,0
1360978,pilot02,-91.5527,-87.5244,909.2407,169439969,2020-04-28 00:06:47.130,0,0,0,0,0,0,0,0,0,0
1360979,pilot02,-93.9331,-91.3086,905.2124,169457510,2020-04-28 00:07:04.390,0,0,0,0,0,0,0,0,0,0
1360980,pilot02,-92.5903,-88.3789,909.668,169474752,2020-04-28 00:07:22.310,0,0,0,0,0,0,0,0,0,0
1360981,pilot02,-91.6138,-89.5996,908.8745,169492673,2020-04-28 00:07:40.603,0,0,0,0,0,0,0,0,0,0
1360982,pilot02,-91.5527,-90.1489,909.3018,169510973,2020-04-28 00:07:59.100,0,0,0,0,0,0,0,0,0,0
1360983,pilot02,-93.4448,-91.5527,909.729,169529477,2020-04-28 00:08:17.270,0,0,0,0,0,0,0,0,0,0
1360984,pilot02,-91.7358,-87.6465,910.4004,169547638,2020-04-28 00:08:36.267,0,0,0,0,0,0,0,0,0,0
1360985,pilot02,-91.4917,-89.7827,909.9731,169566627,2020-04-28 00:08:53.930,0,0,0,0,0,0,0,0,0,0
1360986,pilot02,-91.3696,-88.6841,911.2549,169584303,2020-04-28 00:09:10.760,0,0,0,0,0,0,0,0,0,0
1360987,pilot02,-88.7451,-83.8013,911.5601,169601115,2020-04-28 00:09:28.463,0,0,0,0,0,0,0,0,0,0
1360988,pilot02,-91.1865,-89.0503,896.1792,169618825,2020-04-28 00:09:46.673,0,0,0,0,0,0,0,0,0,0
1360989,pilot02,-90.5762,-83.4351,915.4053,169637036,2020-04-28 00:10:06.227,0,0,0,0,0,0,0,0,0,0
1360990,pilot02,-94.1772,-98.877,889.0381,169656599,2020-04-28 00:10:24.627,0,0,0,0,0,0,0,0,0,0
1360991,pilot02,-91.1255,-93.3228,891.3574,169674979,2020-04-28 00:10:43.557,0,0,0,0,0,0,0,0,0,0
1360992,pilot02,-89.0503,-84.2896,924.9878,169693928,2020-04-28 00:11:02.790,0,0,0,0,0,0,0,0,0,0
1360993,pilot02,-91.4307,-79.6509,906.311,169713142,2020-04-28 00:11:20.213,0,0,0,0,0,0,0,0,0,0
1360994,pilot02,-91.1255,-87.2803,916.1377,169730573,2020-04-28 00:11:36.857,0,0,0,0,0,0,0,0,0,0
1360995,pilot02,-89.2334,-85.083,909.5459,169747210,2020-04-28 00:11:55.967,0,0,0,0,0,0,0,0,0,0
1360996,pilot02,-89.2334,-88.3179,914.3677,169766334,2020-04-28 00:12:13.297,0,0,0,0,0,0,0,0,0,0
1360997,pilot02,-89.6606,-88.4399,909.9121,169783650,2020-04-28 00:12:30.463,0,0,0,0,0,0,0,0,0,0
1360998,pilot02,-89.0503,-84.5337,912.7808,169800807,2020-04-28 00:12:49.223,0,0,0,0,0,0,0,0,0,0
1360999,pilot02,-87.4023,-84.0454,914.917,169819581,2020-04-28 00:13:07.833,0,0,0,0,0,0,0,0,0,0
1361000,pilot02,-89.7827,-86.3647,912.3535,169838186,2020-04-28 00:13:25.777,0,0,0,0,0,0,0,0,0,0
1361001,pilot02,-85.9375,-84.2285,911.6211,169856126,2020-04-28 00:13:43.090,0,0,0,0,0,0,0,0,0,0
1361002,pilot02,-90.3931,-85.8154,914.4897,169873438,2020-04-28 00:14:01.083,0,0,0,0,0,0,0,0,0,0
1361003,pilot02,-88.2568,-85.6323,918.457,169891433,2020-04-28 00:14:18.420,0,0,0,0,0,0,0,0,0,0
1361004,pilot02,-90.8203,-89.8437,913.5132,169908769,2020-04-28 00:14:35.260,0,0,0,0,0,0,0,0,0,0
1361005,pilot02,-88.9282,-85.7544,913.8794,169925611,2020-04-28 00:14:51.913,0,0,0,0,0,0,0,0,0,0
1361006,pilot02,-89.8437,-85.6934,910.8276,169942238,2020-04-28 00:15:09.257,0,0,0,0,0,0,0,0,0,0
1361007,pilot02,-86.2427,-84.7168,915.1001,169959609,2020-04-28 00:15:37.177,0,0,0,0,0,0,0,0,0,0
1361008,pilot02,-87.8906,-86.3037,913.4521,169976666,2020-04-28 00:15:44.010,0,0,0,0,0,0,0,0,0,0
1361009,pilot02,-88.7451,-83.9844,914.1235,169994357,2020-04-28 00:16:00.987,0,0,0,0,0,0,0,0,0,0
1361010,pilot02,-91.0645,-83.8013,911.9873,170011333,2020-04-28 00:16:20.027,0,0,0,0,0,0,0,0,0,0
1361011,pilot02,-87.5854,-84.7778,915.4663,170030472,2020-04-28 00:16:39.507,0,0,0,0,0,0,0,0,0,0
1361012,pilot02,-87.5854,-86.792,912.8418,170049861,2020-04-28 00:16:58.913,0,0,0,0,0,0,0,0,0,0
1361013,pilot02,-87.5854,-85.083,914.2456,170069254,2020-04-28 00:17:16.600,0,0,0,0,0,0,0,0,0,0
1361014,pilot02,-83.9844,-88.9893,903.6255,170086949,2020-04-28 00:17:34.587,0,0,0,0,0,0,0,0,0,0
1361015,pilot02,-85.3882,-86.3037,895.4468,170104930,2020-04-28 00:17:52.717,0,0,0,0,0,0,0,0,0,0
1361016,pilot02,-91.1255,-92.2852,904.8462,170123055,2020-04-28 00:18:11.673,0,0,0,0,0,0,0,0,0,0
1361017,pilot02,-92.1021,-78.8574,912.6587,170141984,2020-04-28 00:18:29.790,0,0,0,0,0,0,0,0,0,0
1361018,pilot02,-81.7871,-92.8955,892.7002,170160134,2020-04-28 00:18:47.867,0,0,0,0,0,0,0,0,0,0
1361019,pilot02,-90.0269,-80.3833,905.2124,170178204,2020-04-28 00:19:08.120,0,0,0,0,0,0,0,0,0,0
1361020,pilot02,-86.2427,-87.2803,907.2266,170198451,2020-04-28 00:19:27.267,0,0,0,0,0,0,0,0,0,0
1361021,pilot02,-86.6089,-80.9326,913.8794,170217620,2020-04-28 00:19:45.570,0,0,0,0,0,0,0,0,0,0
1361022,pilot02,-86.0596,-82.2754,913.208,170235909,2020-04-28 00:20:04.210,0,0,0,0,0,0,0,0,0,0
1361023,pilot02,-85.2051,-85.022,919.0674,170254524,2020-04-28 00:20:22.597,0,0,0,0,0,0,0,0,0,0
1361024,pilot02,-86.1816,-84.4727,912.6587,170272923,2020-04-28 00:20:39.937,0,0,0,0,0,0,0,0,0,0
1361025,pilot02,-85.9985,-85.2661,916.748,170290269,2020-04-28 00:20:56.703,0,0,0,0,0,0,0,0,0,0
1361026,pilot02,-83.7402,-81.2378,918.335,170307036,2020-04-28 00:21:14.513,0,0,0,0,0,0,0,0,0,0
1361027,pilot02,-86.4868,-84.0454,915.7715,170324847,2020-04-28 00:21:33.330,0,0,0,0,0,0,0,0,0,0
1361028,pilot02,-84.0454,-80.8716,914.6729,170343666,2020-04-28 00:21:50.397,0,0,0,0,0,0,0,0,0,0
1361029,pilot02,-84.2285,-82.9468,918.335,170360737,2020-04-28 00:22:07.303,0,0,0,0,0,0,0,0,0,0
1361030,pilot02,-85.8154,-82.2144,916.5649,170377634,2020-04-28 00:22:26.193,0,0,0,0,0,0,0,0,0,0
1361031,pilot02,-86.792,-81.0547,912.2314,170396528,2020-04-28 00:22:45.117,0,0,0,0,0,0,0,0,0,0
1361032,pilot02,-85.8765,-83.8623,912.4146,170415452,2020-04-28 00:23:02.690,0,0,0,0,0,0,0,0,0,0
1361033,pilot02,-84.6558,-82.2754,914.4287,170433028,2020-04-28 00:23:21.567,0,0,0,0,0,0,0,0,0,0
1361034,pilot02,-86.1816,-83.5571,915.1001,170451897,2020-04-28 00:23:39.723,0,0,0,0,0,0,0,0,0,0
1361035,pilot02,-87.5244,-82.4585,915.1611,170470051,2020-04-28 00:23:57.993,0,0,0,0,0,0,0,0,0,0
1361036,pilot02,-87.7075,-83.4351,915.5884,170488326,2020-04-28 00:24:15.530,0,0,0,0,0,0,0,0,0,0
1361037,pilot02,-88.2568,-84.1675,914.917,170505852,2020-04-28 00:24:33.957,0,0,0,0,0,0,0,0,0,0
1361038,pilot02,-86.792,-83.6182,913.3911,170524297,2020-04-28 00:24:52.630,0,0,0,0,0,0,0,0,0,0
1361039,pilot02,-86.9751,-85.5103,915.0391,170542951,2020-04-28 00:25:09.653,0,0,0,0,0,0,0,0,0,0
1361040,pilot02,-86.853,-82.1533,916.3818,170559982,2020-04-28 00:25:26.320,0,0,0,0,0,0,0,0,0,0
1361041,pilot02,-87.5244,-87.4023,924.0112,170576650,2020-04-28 00:25:43.283,0,0,0,0,0,0,0,0,0,0
1361042,pilot02,-80.8105,-72.2046,941.9556,170593611,2020-04-28 00:26:02.253,0,0,0,0,0,0,0,0,0,0
1361043,pilot02,-90.6372,-81.3599,911.0107,170612565,2020-04-28 00:26:18.953,0,0,0,0,0,0,0,0,0,0
1361044,pilot02,-88.3789,-76.7212,913.8794,170629267,2020-04-28 00:26:37.827,0,0,0,0,0,0,0,0,0,0
1361045,pilot02,-79.895,-92.6514,914.7339,170648146,2020-04-28 00:26:55.000,0,0,0,0,0,0,0,0,0,0
1361046,pilot02,-83.313,-89.2334,920.4712,170665317,2020-04-28 00:27:12.113,0,0,0,0,0,0,0,0,0,0
1361047,pilot02,-81.1157,-71.167,941.8335,170682428,2020-04-28 00:27:30.053,0,0,0,0,0,0,0,0,0,0
1361048,pilot02,-85.7544,-83.0688,915.7104,170700379,2020-04-28 00:27:49.693,0,0,0,0,0,0,0,0,0,0
1361049,pilot02,-84.1064,-81.543,914.7949,170720021,2020-04-28 00:28:06.873,0,0,0,0,0,0,0,0,0,0
1361050,pilot02,-85.7544,-82.7637,917.9077,170737098,2020-04-28 00:28:24.293,0,0,0,0,0,0,0,0,0,0
1361051,pilot02,-86.3037,-82.8247,914.1846,170754609,2020-04-28 00:28:41.630,0,0,0,0,0,0,0,0,0,0
1361052,pilot02,-82.7026,-83.1909,915.7104,170771945,2020-04-28 00:29:01.140,0,0,0,0,0,0,0,0,0,0
1361053,pilot02,-81.9702,-80.1392,917.0532,170791468,2020-04-28 00:29:19.327,0,0,0,0,0,0,0,0,0,0
1361054,pilot02,-83.9844,-82.7637,912.9639,170809648,2020-04-28 00:29:36.800,0,0,0,0,0,0,0,0,0,0
1361055,pilot02,-83.0078,-83.1299,919.5557,170827114,2020-04-28 00:29:55.120,0,0,0,0,0,0,0,0,0,0
1361056,pilot02,-86.4868,-82.3975,913.3911,170845438,2020-04-28 00:30:12.510,0,0,0,0,0,0,0,0,0,0
1361057,pilot02,-85.144,-80.8716,914.0015,170862824,2020-04-28 00:30:32.423,0,0,0,0,0,0,0,0,0,0
1361058,pilot02,-82.8857,-80.6885,918.7012,170882737,2020-04-28 00:30:49.340,0,0,0,0,0,0,0,0,0,0
1361059,pilot02,-85.2661,-80.6885,921.814,170899648,2020-04-28 00:31:09.123,0,0,0,0,0,0,0,0,0,0
1361060,pilot02,-84.3506,-80.8105,917.9688,170919436,2020-04-28 00:31:26.457,0,0,0,0,0,0,0,0,0,0
1361061,pilot02,-81.9702,-81.0547,918.335,170936772,2020-04-28 00:31:46.683,0,0,0,0,0,0,0,0,0,0
1361062,pilot02,-86.1816,-81.1157,915.4053,170956994,2020-04-28 00:32:05.273,0,0,0,0,0,0,0,0,0,0
1361063,pilot02,-83.8623,-80.6885,917.1753,170975568,2020-04-28 00:32:23.003,0,0,0,0,0,0,0,0,0,0
1361064,pilot02,-81.7871,-82.2754,917.9688,170993314,2020-04-28 00:32:43.170,0,0,0,0,0,0,0,0,0,0
1361065,pilot02,-83.5571,-82.0312,916.2598,171013476,2020-04-28 00:33:00.993,0,0,0,0,0,0,0,0,0,0
1361066,pilot02,-86.2427,-83.1299,916.2598,171031301,2020-04-28 00:33:19.477,0,0,0,0,0,0,0,0,0,0
1361067,pilot02,-88.9282,-78.9795,913.3301,171049806,2020-04-28 00:33:37.160,0,0,0,0,0,0,0,0,0,0
1361068,pilot02,-86.3647,-85.4492,907.5928,171067381,2020-04-28 00:34:00.183,0,0,0,0,0,0,0,0,0,0
1361069,pilot02,-87.2192,-73.9746,933.2886,171090484,2020-04-28 00:34:18.693,0,0,0,0,0,0,0,0,0,0
1361070,pilot02,-87.0361,-83.1909,921.0205,171109004,2020-04-28 00:34:37.940,0,0,0,0,0,0,0,0,0,0
1361071,pilot02,-83.1299,-81.9702,924.8657,171128242,2020-04-28 00:34:58.347,0,0,0,0,0,0,0,0,0,0
1361072,pilot02,-90.1489,-77.2095,936.2183,171148654,2020-04-28 00:35:17.940,0,0,0,0,0,0,0,0,0,0
1361073,pilot02,-83.9233,-79.9561,916.1377,171168242,2020-04-28 00:35:35.143,0,0,0,0,0,0,0,0,0,0
1361074,pilot02,-86.3647,-82.8247,914.4287,171185443,2020-04-28 00:35:52.540,0,0,0,0,0,0,0,0,0,0
1361075,pilot02,-83.8623,-79.5288,918.9453,171202844,2020-04-28 00:36:10.540,0,0,0,0,0,0,0,0,0,0
1361076,pilot02,-83.313,-80.2612,918.8232,171220839,2020-04-28 00:36:27.660,0,0,0,0,0,0,0,0,0,0
1361077,pilot02,-85.2661,-83.1299,916.1987,171238070,2020-04-28 00:36:46.530,0,0,0,0,0,0,0,0,0,0
1361078,pilot02,-83.5571,-80.2612,916.2598,171256824,2020-04-28 00:37:03.777,0,0,0,0,0,0,0,0,0,0
1361079,pilot02,-82.5806,-80.2612,920.2271,171274080,2020-04-28 00:37:21.897,0,0,0,0,0,0,0,0,0,0
1361080,pilot02,-83.1909,-80.2612,919.0063,171292200,2020-04-28 00:37:39.973,0,0,0,0,0,0,0,0,0,0
1361081,pilot02,-81.543,-80.4443,918.0298,171310265,2020-04-28 00:37:57.430,0,0,0,0,0,0,0,0,0,0
1361082,pilot02,-86.3647,-80.8105,919.7998,171327731,2020-04-28 00:38:16.353,0,0,0,0,0,0,0,0,0,0
1361083,pilot02,-81.0547,-77.9419,920.3491,171346635,2020-04-28 00:38:33.313,0,0,0,0,0,0,0,0,0,0
1361084,pilot02,-84.8999,-81.9092,914.3677,171363616,2020-04-28 00:38:52.160,0,0,0,0,0,0,0,0,0,0
1361085,pilot02,-84.1064,-81.1768,916.9312,171382445,2020-04-28 00:39:08.953,0,0,0,0,0,0,0,0,0,0
1361086,pilot02,-81.7871,-83.6182,914.2456,171399242,2020-04-28 00:39:25.943,0,0,0,0,0,0,0,0,0,0
1361087,pilot02,-82.9468,-78.2471,918.9453,171416233,2020-04-28 00:39:45.840,0,0,0,0,0,0,0,0,0,0
1361088,pilot02,-83.6182,-80.1392,916.687,171436136,2020-04-28 00:40:04.330,0,0,0,0,0,0,0,0,0,0
1361089,pilot02,-85.022,-80.9937,920.166,171454610,2020-04-28 00:40:22.183,0,0,0,0,0,0,0,0,0,0
1361090,pilot02,-82.5806,-80.0171,916.5039,171472466,2020-04-28 00:40:55.693,0,0,0,0,0,0,0,0,0,0
1361091,pilot02,-84.7778,-82.9468,915.0391,171491454,2020-04-28 00:41:00.007,0,0,0,0,0,0,0,0,0,0
1361092,pilot02,-82.7026,-82.0312,913.9404,171510303,2020-04-28 00:41:16.973,0,0,0,0,0,0,0,0,0,0
1361093,pilot02,-82.2754,-74.1577,912.4756,171527240,2020-04-28 00:41:36.013,0,0,0,0,0,0,0,0,0,0
1361094,pilot02,-80.8716,-87.8906,901.9165,171546298,2020-04-28 00:41:52.793,0,0,0,0,0,0,0,0,0,0
1361095,pilot02,-94.1772,-75.1953,933.1665,171563075,2020-04-28 00:42:09.647,0,0,0,0,0,0,0,0,0,0
1361096,pilot02,-89.5996,-81.0547,908.3252,171579932,2020-04-28 00:42:28.653,0,0,0,0,0,0,0,0,0,0
1361097,pilot02,-85.6934,-82.0312,934.5703,171598946,2020-04-28 00:42:47.773,0,0,0,0,0,0,0,0,0,0
1361098,pilot02,-75.0732,-81.604,921.3257,171618054,2020-04-28 00:43:04.893,0,0,0,0,0,0,0,0,0,0
1361099,pilot02,-84.7168,-85.5713,904.9683,171635185,2020-04-28 00:43:23.417,0,0,0,0,0,0,0,0,0,0
1361100,pilot02,-81.2988,-80.1392,922.3633,171653700,2020-04-28 00:43:43.233,0,0,0,0,0,0,0,0,0,0
1361101,pilot02,-87.0361,-85.6934,914.4287,171673512,2020-04-28 00:44:01.317,0,0,0,0,0,0,0,0,0,0
1361102,pilot02,-82.8857,-78.9795,921.3867,171691607,2020-04-28 00:44:19.457,0,0,0,0,0,0,0,0,0,0
1361103,pilot02,-81.8481,-77.3315,916.1987,171709747,2020-04-28 00:44:37.497,0,0,0,0,0,0,0,0,0,0
1361104,pilot02,-85.3882,-80.6274,915.5273,171727772,2020-04-28 00:44:54.410,0,0,0,0,0,0,0,0,0,0
1361105,pilot02,-82.7026,-79.9561,916.1987,171744689,2020-04-28 00:45:11.233,0,0,0,0,0,0,0,0,0,0
1361106,pilot02,-83.9844,-79.7119,917.6025,171761510,2020-04-28 00:45:28.223,0,0,0,0,0,0,0,0,0,0
1361107,pilot02,-82.3364,-80.0171,918.335,171778487,2020-04-28 00:45:48.210,0,0,0,0,0,0,0,0,0,0
1361108,pilot02,-84.1675,-81.3599,916.9922,171798489,2020-04-28 00:46:07.913,0,0,0,0,0,0,0,0,0,0
1361109,pilot02,-83.8013,-79.6509,916.3208,171818192,2020-04-28 00:46:28.943,0,0,0,0,0,0,0,0,0,0
1361110,pilot02,-84.4727,-83.9844,918.1519,171839223,2020-04-28 00:46:48.543,0,0,0,0,0,0,0,0,0,0
1361111,pilot02,-83.374,-78.6133,917.6025,171858816,2020-04-28 00:47:07.343,0,0,0,0,0,0,0,0,0,0
1361112,pilot02,-83.1909,-82.0923,917.1143,171877614,2020-04-28 00:47:25.757,0,0,0,0,0,0,0,0,0,0
1361113,pilot02,-82.1533,-79.1626,917.6025,171896024,2020-04-28 00:47:44.903,0,0,0,0,0,0,0,0,0,0
1361114,pilot02,-84.1675,-81.9702,917.9077,171915242,2020-04-28 00:48:03.857,0,0,0,0,0,0,0,0,0,0
1361115,pilot02,-83.8623,-80.2612,920.6543,171934126,2020-04-28 00:48:21.930,0,0,0,0,0,0,0,0,0,0
1361116,pilot02,-81.1768,-79.1626,922.7295,171952201,2020-04-28 00:48:45.997,0,0,0,0,0,0,0,0,0,0
1361117,pilot02,-83.5571,-80.7495,918.9453,171976263,2020-04-28 00:49:07.133,0,0,0,0,0,0,0,0,0,0
1361118,pilot02,-81.7261,-78.5522,919.8608,171997413,2020-04-28 00:49:27.840,0,0,0,0,0,0,0,0,0,0
1361119,pilot02,-87.3413,-83.313,918.8843,172018100,2020-04-28 00:49:47.030,0,0,0,0,0,0,0,0,0,0
1361120,pilot02,-77.5757,-89.2944,916.626,172037303,2020-04-28 00:50:06.997,0,0,0,0,0,0,0,0,0,0
1361121,pilot02,-79.5898,-93.3838,893.7378,172057265,2020-04-28 00:50:24.333,0,0,0,0,0,0,0,0,0,0
1361122,pilot02,-88.6841,-82.5806,905.7617,172074596,2020-04-28 00:50:41.247,0,0,0,0,0,0,0,0,0,0
1361123,pilot02,-86.792,-74.8291,910.6445,172091508,2020-04-28 00:50:59.467,0,0,0,0,0,0,0,0,0,0
1361124,pilot02,-82.6416,-75.2563,921.875,172109728,2020-04-28 00:51:16.300,0,0,0,0,0,0,0,0,0,0
1361125,pilot02,-82.2144,-79.7119,921.1426,172126559,2020-04-28 00:51:34.387,0,0,0,0,0,0,0,0,0,0
1361126,pilot02,-84.5337,-80.6274,912.2925,172144654,2020-04-28 00:51:51.427,0,0,0,0,0,0,0,0,0,0
1361127,pilot02,-83.8013,-81.1768,920.7153,172161691,2020-04-28 00:52:08.450,0,0,0,0,0,0,0,0,0,0
1361128,pilot02,-85.9375,-80.2612,917.0532,172178702,2020-04-28 00:52:26.557,0,0,0,0,0,0,0,0,0,0
1361129,pilot02,-84.4116,-81.9702,920.8374,172196822,2020-04-28 00:52:43.560,0,0,0,0,0,0,0,0,0,0
1361130,pilot02,-84.4116,-80.6885,919.0063,172213823,2020-04-28 00:53:02.623,0,0,0,0,0,0,0,0,0,0
1361131,pilot02,-83.313,-79.7119,917.6025,172232897,2020-04-28 00:53:20.220,0,0,0,0,0,0,0,0,0,0
1361132,pilot02,-81.1768,-80.3833,919.2505,172250473,2020-04-28 00:53:39.163,0,0,0,0,0,0,0,0,0,0
1361133,pilot02,-84.5337,-80.5664,920.7153,172269416,2020-04-28 00:53:56.107,0,0,0,0,0,0,0,0,0,0
1361134,pilot02,-81.2378,-81.665,919.7388,172286358,2020-04-28 00:54:13.780,0,0,0,0,0,0,0,0,0,0
1361135,pilot02,-83.4351,-83.374,921.9971,172304033,2020-04-28 00:54:33.273,0,0,0,0,0,0,0,0,0,0
1361136,pilot02,-82.3975,-79.3457,920.8374,172323536,2020-04-28 00:54:52.173,0,0,0,0,0,0,0,0,0,0
1361137,pilot02,-85.9375,-84.6558,915.8325,172342440,2020-04-28 00:55:09.643,0,0,0,0,0,0,0,0,0,0
1361138,pilot02,-82.0923,-82.2754,917.7246,172359901,2020-04-28 00:55:27.047,0,0,0,0,0,0,0,0,0,0
1361139,pilot02,-82.1533,-80.3833,916.3818,172377287,2020-04-28 00:55:45.163,0,0,0,0,0,0,0,0,0,0
1361140,pilot02,-84.3506,-81.9092,917.9077,172395402,2020-04-28 00:56:02.810,0,0,0,0,0,0,0,0,0,0
1361141,pilot02,-83.6182,-80.7495,918.8843,172413057,2020-04-28 00:56:21.717,0,0,0,0,0,0,0,0,0,0
1361142,pilot02,-81.7261,-78.4912,919.4946,172431966,2020-04-28 00:56:39.673,0,0,0,0,0,0,0,0,0,0
1361143,pilot02,-81.7871,-80.0171,918.8843,172449931,2020-04-28 00:56:57.063,0,0,0,0,0,0,0,0,0,0
1361144,pilot02,-82.6416,-82.7026,915.8936,172467317,2020-04-28 00:57:14.440,0,0,0,0,0,0,0,0,0,0
1361145,pilot02,-81.1768,-73.4863,915.7104,172484688,2020-04-28 00:57:32.010,0,0,0,0,0,0,0,0,0,0
1361146,pilot02,-80.6274,-79.5898,934.5703,172502263,2020-04-28 00:57:49.097,0,0,0,0,0,0,0,0,0,0
1361147,pilot02,-76.7212,-81.2378,919.1284,172519370,2020-04-28 00:58:06.267,0,0,0,0,0,0,0,0,0,0
1361148,pilot02,-88.7451,-83.8013,911.8042,172536511,2020-04-28 00:58:23.697,0,0,0,0,0,0,0,0,0,0
1361149,pilot02,-84.2896,-70.3125,924.9878,172553947,2020-04-28 00:58:40.617,0,0,0,0,0,0,0,0,0,0
1361150,pilot02,-80.3833,-87.9517,894.8364,172570863,2020-04-28 00:59:00.157,0,0,0,0,0,0,0,0,0,0
1361151,pilot02,-80.6274,-89.3555,905.8838,172590406,2020-04-28 00:59:16.980,0,0,0,0,0,0,0,0,0,0
1361152,pilot02,-84.7778,-83.0078,921.5088,172607203,2020-04-28 00:59:35.307,0,0,0,0,0,0,0,0,0,0
1361153,pilot02,-83.252,-80.6274,915.6494,172625557,2020-04-28 00:59:53.320,0,0,0,0,0,0,0,0,0,0
1361154,pilot02,-88.3179,-82.7637,912.9028,173827978,2020-04-28 01:20:10.360,0,0,0,0,0,0,0,0,0,0
1361155,pilot02,-86.9751,-84.0454,916.9312,173848430,2020-04-28 01:20:16.790,0,0,0,0,0,0,0,0,0,0
1361156,pilot02,-87.5244,-83.5571,915.0391,173866989,2020-04-28 01:20:35.590,0,0,0,0,0,0,0,0,0,0
1361157,pilot02,-85.144,-82.3364,916.5039,173885788,2020-04-28 01:20:53.590,0,0,0,0,0,0,0,0,0,0
1361158,pilot02,-84.9609,-84.7168,914.7339,173903774,2020-04-28 01:21:13.530,0,0,0,0,0,0,0,0,0,0
1361159,pilot02,-86.9141,-82.7026,914.5508,173923646,2020-04-28 01:21:34.083,0,0,0,0,0,0,0,0,0,0
1361160,pilot02,-88.2568,-79.5288,915.7715,173944263,2020-04-28 01:21:53.607,0,0,0,0,0,0,0,0,0,0
1361161,pilot02,-81.3599,-82.5806,921.6919,173963816,2020-04-28 01:22:14.037,0,0,0,0,0,0,0,0,0,0
1361162,pilot02,-86.6089,-89.2944,917.1143,173984258,2020-04-28 01:22:34.217,0,0,0,0,0,0,0,0,0,0
1361163,pilot02,-87.0361,-90.21,895.2026,174004400,2020-04-28 01:22:55.577,0,0,0,0,0,0,0,0,0,0
1361164,pilot02,-89.1724,-85.9985,904.1748,174025775,2020-04-28 01:23:14.503,0,0,0,0,0,0,0,0,0,0
1361165,pilot02,-82.6416,-93.9941,929.9316,174044690,2020-04-28 01:23:31.710,0,0,0,0,0,0,0,0,0,0
1361166,pilot02,-86.5479,-85.3271,913.5742,174061896,2020-04-28 01:23:48.540,0,0,0,0,0,0,0,0,0,0
1361167,pilot02,-85.5103,-82.1533,917.2363,174078737,2020-04-28 01:24:05.573,0,0,0,0,0,0,0,0,0,0
1361168,pilot02,-86.1816,-84.4727,915.0391,174095759,2020-04-28 01:24:24.537,0,0,0,0,0,0,0,0,0,0
1361169,pilot02,-86.4868,-84.3506,913.4521,174114723,2020-04-28 01:24:41.687,0,0,0,0,0,0,0,0,0,0
1361170,pilot02,-86.4258,-84.1064,915.6494,174131874,2020-04-28 01:24:58.827,0,0,0,0,0,0,0,0,0,0
1361171,pilot02,-88.3179,-86.0596,916.626,174149016,2020-04-28 01:25:15.917,0,0,0,0,0,0,0,0,0,0
1361172,pilot02,-85.022,-84.6558,916.1377,174166102,2020-04-28 01:25:33.167,0,0,0,0,0,0,0,0,0,0
1361173,pilot02,-84.3506,-80.7495,919.6167,174183358,2020-04-28 01:25:50.150,0,0,0,0,0,0,0,0,0,0
1361174,pilot02,-85.144,-82.0312,914.6729,174200325,2020-04-28 01:26:07.197,0,0,0,0,0,0,0,0,0,0
1361175,pilot02,-87.2192,-85.8154,915.3442,174217371,2020-04-28 01:26:24.680,0,0,0,0,0,0,0,0,0,0
1361176,pilot02,-86.6089,-80.9937,913.3911,174234862,2020-04-28 01:26:41.713,0,0,0,0,0,0,0,0,0,0
1361177,pilot02,-86.6089,-83.4351,917.1143,174251899,2020-04-28 01:27:00.597,0,0,0,0,0,0,0,0,0,0
1361178,pilot02,-85.083,-81.1768,915.2222,174270788,2020-04-28 01:27:19.293,0,0,0,0,0,0,0,0,0,0
1361179,pilot02,-85.022,-82.6416,917.1753,174289467,2020-04-28 01:27:36.223,0,0,0,0,0,0,0,0,0,0
1361180,pilot02,-83.8623,-83.9233,916.1987,174306408,2020-04-28 01:27:53.310,0,0,0,0,0,0,0,0,0,0
1361181,pilot02,-88.501,-83.8013,916.9922,174323495,2020-04-28 01:28:10.820,0,0,0,0,0,0,0,0,0,0
1361182,pilot02,-84.0454,-84.5337,916.0767,174340996,2020-04-28 01:28:28.653,0,0,0,0,0,0,0,0,0,0
1361183,pilot02,-86.1206,-84.6558,919.1895,174358826,2020-04-28 01:28:46.027,0,0,0,0,0,0,0,0,0,0
1361184,pilot02,-83.374,-82.3364,912.8418,174376197,2020-04-28 01:29:03.423,0,0,0,0,0,0,0,0,0,0
1361185,pilot02,-88.0737,-83.252,915.4663,174393608,2020-04-28 01:29:23.030,0,0,0,0,0,0,0,0,0,0
1361186,pilot02,-90.5151,-80.2612,914.917,174413211,2020-04-28 01:29:39.787,0,0,0,0,0,0,0,0,0,0
1361187,pilot02,-90.1489,-74.707,915.9546,174429959,2020-04-28 01:29:57.097,0,0,0,0,0,0,0,0,0,0
1361188,pilot02,-87.0972,-67.8711,940.1245,174447264,2020-04-28 01:30:14.690,0,0,0,0,0,0,0,0,0,0
1361189,pilot02,-88.1958,-74.8291,927.3682,174464855,2020-04-28 01:30:32.003,0,0,0,0,0,0,0,0,0,0
1361190,pilot02,-84.4116,-80.2612,942.2607,174482161,2020-04-28 01:30:49.210,0,0,0,0,0,0,0,0,0,0
1361191,pilot02,-88.6841,-73.9746,919.4336,174499392,2020-04-28 01:31:08.110,0,0,0,0,0,0,0,0,0,0
1361192,pilot02,-89.2944,-74.646,923.0347,174518281,2020-04-28 01:31:24.970,0,0,0,0,0,0,0,0,0,0
1361193,pilot02,-83.313,-82.5195,916.5039,174535138,2020-04-28 01:31:41.727,0,0,0,0,0,0,0,0,0,0
1361194,pilot02,-86.9751,-82.9468,913.4521,174551890,2020-04-28 01:31:58.693,0,0,0,0,0,0,0,0,0,0
1361195,pilot02,-85.6323,-82.9468,916.626,174568862,2020-04-28 01:32:15.337,0,0,0,0,0,0,0,0,0,0
1361196,pilot02,-83.9844,-82.6416,915.1001,174585501,2020-04-28 01:32:32.780,0,0,0,0,0,0,0,0,0,0
1361197,pilot02,-86.6699,-83.4351,914.1846,174602949,2020-04-28 01:32:50.477,0,0,0,0,0,0,0,0,0,0
1361198,pilot02,-88.562,-83.9233,916.0156,174620645,2020-04-28 01:33:07.320,0,0,0,0,0,0,0,0,0,0
1361199,pilot02,-87.9517,-86.2427,917.1753,174637487,2020-04-28 01:33:25.263,0,0,0,0,0,0,0,0,0,0
1361200,pilot02,-85.083,-81.9092,917.2363,174655442,2020-04-28 01:33:44.570,0,0,0,0,0,0,0,0,0,0
1361201,pilot02,-85.7544,-80.1392,919.6777,174674731,2020-04-28 01:34:02.703,0,0,0,0,0,0,0,0,0,0
1361202,pilot02,-84.1064,-80.2002,918.396,174692860,2020-04-28 01:34:21.080,0,0,0,0,0,0,0,0,0,0
1361203,pilot02,-86.3647,-82.6416,917.9077,174711250,2020-04-28 01:34:39.330,0,0,0,0,0,0,0,0,0,0
1361204,pilot02,-85.9985,-81.9702,918.396,174729470,2020-04-28 01:35:00.330,0,0,0,0,0,0,0,0,0,0
1361205,pilot02,-85.6934,-84.4116,914.978,174750495,2020-04-28 01:35:18.290,0,0,0,0,0,0,0,0,0,0
1361206,pilot02,-85.8154,-84.8389,917.1753,174768456,2020-04-28 01:35:36.413,0,0,0,0,0,0,0,0,0,0
1361207,pilot02,-82.5195,-79.6509,918.7622,174786577,2020-04-28 01:35:56.710,0,0,0,0,0,0,0,0,0,0
1361208,pilot02,-85.2661,-84.5337,917.2974,174806863,2020-04-28 01:36:16.227,0,0,0,0,0,0,0,0,0,0
1361209,pilot02,-83.4961,-79.2847,918.335,174826396,2020-04-28 01:36:36.040,0,0,0,0,0,0,0,0,0,0
1361210,pilot02,-84.0454,-82.7026,915.8936,174846194,2020-04-28 01:36:54.530,0,0,0,0,0,0,0,0,0,0
1361211,pilot02,-86.792,-83.6792,916.5649,174864688,2020-04-28 01:37:12.060,0,0,0,0,0,0,0,0,0,0
1361212,pilot02,-84.0454,-80.4443,920.166,174882218,2020-04-28 01:37:29.100,0,0,0,0,0,0,0,0,0,0
1361213,pilot02,-80.2612,-91.8579,906.311,174899260,2020-04-28 01:37:45.943,0,0,0,0,0,0,0,0,0,0
1361214,pilot02,-84.7778,-85.2661,929.8706,174916107,2020-04-28 01:38:03.450,0,0,0,0,0,0,0,0,0,0
1361215,pilot02,-87.6465,-87.1582,915.1001,174933602,2020-04-28 01:38:22.017,0,0,0,0,0,0,0,0,0,0
1361216,pilot02,-78.3691,-88.6841,924.1333,174952167,2020-04-28 01:38:41.053,0,0,0,0,0,0,0,0,0,0
1361217,pilot02,-92.6514,-93.6279,889.6484,174971206,2020-04-28 01:38:59.943,0,0,0,0,0,0,0,0,0,0
1361218,pilot02,-80.9937,-91.9189,920.4102,174990094,2020-04-28 01:39:18.553,0,0,0,0,0,0,0,0,0,0
1361219,pilot02,-85.022,-81.2378,917.2974,175008709,2020-04-28 01:39:36.310,0,0,0,0,0,0,0,0,0,0
1361220,pilot02,-85.4492,-81.3599,918.0298,175026454,2020-04-28 01:39:53.357,0,0,0,0,0,0,0,0,0,0
1361221,pilot02,-85.5713,-82.7026,914.4897,175043516,2020-04-28 01:40:11.430,0,0,0,0,0,0,0,0,0,0
1361222,pilot02,-83.0078,-81.1157,918.457,175061581,2020-04-28 01:40:28.627,0,0,0,0,0,0,0,0,0,0
1361223,pilot02,-86.4868,-82.7637,913.3911,175078782,2020-04-28 01:40:45.420,0,0,0,0,0,0,0,0,0,0
1361224,pilot02,-83.1299,-80.6274,914.917,175095564,2020-04-28 01:41:03.360,0,0,0,0,0,0,0,0,0,0
1361225,pilot02,-85.6934,-81.7871,918.5181,175113524,2020-04-28 01:41:20.393,0,0,0,0,0,0,0,0,0,0
1361226,pilot02,-83.252,-81.1157,919.2505,175130545,2020-04-28 01:41:38.267,0,0,0,0,0,0,0,0,0,0
1361227,pilot02,-84.7168,-80.7495,916.2598,175148411,2020-04-28 01:41:54.927,0,0,0,0,0,0,0,0,0,0
1361228,pilot02,-85.022,-81.604,917.7856,175165068,2020-04-28 01:42:12.927,0,0,0,0,0,0,0,0,0,0
1361229,pilot02,-83.8013,-81.1768,917.9688,175183073,2020-04-28 01:42:32.167,0,0,0,0,0,0,0,0,0,0
1361230,pilot02,-82.6416,-83.6792,919.9219,175202286,2020-04-28 01:42:50.993,0,0,0,0,0,0,0,0,0,0
1361231,pilot02,-87.0972,-84.0454,915.8936,175221140,2020-04-28 01:43:08.350,0,0,0,0,0,0,0,0,0,0
1361232,pilot02,-81.7871,-82.5806,917.2974,175238491,2020-04-28 01:43:25.313,0,0,0,0,0,0,0,0,0,0
1361233,pilot02,-84.9609,-80.8716,917.6025,175255458,2020-04-28 01:43:42.070,0,0,0,0,0,0,0,0,0,0
1361234,pilot02,-87.5854,-81.4819,918.5181,175272214,2020-04-28 01:43:59.670,0,0,0,0,0,0,0,0,0,0
1361235,pilot02,-82.6416,-82.2144,919.7998,175289806,2020-04-28 01:44:16.970,0,0,0,0,0,0,0,0,0,0
1361236,pilot02,-85.4492,-80.6274,916.2598,175307106,2020-04-28 01:44:33.953,0,0,0,0,0,0,0,0,0,0
1361237,pilot02,-83.8623,-80.5054,919.3726,175324088,2020-04-28 01:44:50.683,0,0,0,0,0,0,0,0,0,0
1361238,pilot02,-86.1206,-84.5947,914.1846,175340825,2020-04-28 01:45:08.287,0,0,0,0,0,0,0,0,0,0
1361239,pilot02,-82.9468,-82.6416,918.7012,175358415,2020-04-28 01:45:26.833,0,0,0,0,0,0,0,0,0,0
1361240,pilot02,-83.0688,-93.6279,917.3584,175376965,2020-04-28 01:45:43.807,0,0,0,0,0,0,0,0,0,0
1361241,pilot02,-79.5898,-90.4541,890.2588,175393936,2020-04-28 01:46:01.043,0,0,0,0,0,0,0,0,0,0
1361242,pilot02,-85.8154,-84.2285,892.2119,175411187,2020-04-28 01:46:21.100,0,0,0,0,0,0,0,0,0,0
1361243,pilot02,-81.7261,-94.5435,919.8608,175431240,2020-04-28 01:46:40.070,0,0,0,0,0,0,0,0,0,0
1361244,pilot02,-85.083,-73.2422,938.7207,175450203,2020-04-28 01:46:57.993,0,0,0,0,0,0,0,0,0,0
1361245,pilot02,-88.0127,-72.3877,915.8936,175468104,2020-04-28 01:47:14.977,0,0,0,0,0,0,0,0,0,0
1361246,pilot02,-85.3271,-87.7686,906.6162,175485105,2020-04-28 01:47:33.033,0,0,0,0,0,0,0,0,0,0
1361247,pilot02,-84.4116,-80.6885,920.5933,175503165,2020-04-28 01:47:50.490,0,0,0,0,0,0,0,0,0,0
1361248,pilot02,-87.5854,-83.9844,913.7573,175520611,2020-04-28 01:48:10.240,0,0,0,0,0,0,0,0,0,0
1361249,pilot02,-81.2988,-81.7261,918.2739,175540373,2020-04-28 01:48:27.577,0,0,0,0,0,0,0,0,0,0
1361250,pilot02,-83.4351,-80.3833,916.9312,175557709,2020-04-28 01:48:48.353,0,0,0,0,0,0,0,0,0,0
1361251,pilot02,-85.6934,-80.0171,917.1143,175578486,2020-04-28 01:49:05.800,0,0,0,0,0,0,0,0,0,0
1361252,pilot02,-82.8857,-80.9937,918.7622,175595927,2020-04-28 01:49:25.547,0,0,0,0,0,0,0,0,0,0
1361253,pilot02,-83.0688,-80.1392,916.0767,175615674,2020-04-28 01:49:43.763,0,0,0,0,0,0,0,0,0,0
1361254,pilot02,-84.5337,-82.5195,916.8091,175633884,2020-04-28 01:50:04.810,0,0,0,0,0,0,0,0,0,0
1361255,pilot02,-86.0596,-81.4209,917.7246,175654935,2020-04-28 01:50:26.070,0,0,0,0,0,0,0,0,0,0
1361256,pilot02,-82.3364,-81.543,915.5884,175676235,2020-04-28 01:50:48.797,0,0,0,0,0,0,0,0,0,0
1361257,pilot02,-84.6558,-80.0781,919.4946,175698929,2020-04-28 01:51:07.400,0,0,0,0,0,0,0,0,0,0
1361258,pilot02,-84.6558,-81.4209,921.3867,175717533,2020-04-28 01:51:26.703,0,0,0,0,0,0,0,0,0,0
1361259,pilot02,-82.3364,-81.0547,918.396,175736827,2020-04-28 01:51:43.623,0,0,0,0,0,0,0,0,0,0
1361260,pilot02,-82.8247,-82.8247,914.2456,175753753,2020-04-28 01:52:00.610,0,0,0,0,0,0,0,0,0,0
1361261,pilot02,-84.1064,-81.0547,919.0674,175770735,2020-04-28 01:52:19.540,0,0,0,0,0,0,0,0,0,0
1361262,pilot02,-82.6416,-79.9561,915.0391,175789658,2020-04-28 01:52:38.373,0,0,0,0,0,0,0,0,0,0
1361263,pilot02,-83.7402,-79.9561,915.7104,175808492,2020-04-28 01:52:55.613,0,0,0,0,0,0,0,0,0,0
1361264,pilot02,-84.1675,-81.4209,918.5181,175825404,2020-04-28 01:53:14.187,0,0,0,0,0,0,0,0,0,0
1361265,pilot02,-82.4585,-79.5898,915.8325,175844258,2020-04-28 01:53:31.403,0,0,0,0,0,0,0,0,0,0
1361266,pilot02,-83.4351,-85.9985,926.0254,175861519,2020-04-28 01:53:48.723,0,0,0,0,0,0,0,0,0,0
1361267,pilot02,-90.21,-72.2046,929.0161,175878845,2020-04-28 01:54:05.807,0,0,0,0,0,0,0,0,0,0
1361268,pilot02,-85.8154,-73.4253,923.7061,175895931,2020-04-28 01:54:22.793,0,0,0,0,0,0,0,0,0,0
1361269,pilot02,-84.5337,-65.918,917.0532,175912903,2020-04-28 01:54:41.930,0,0,0,0,0,0,0,0,0,0
1361270,pilot02,-86.0596,-70.5566,942.2607,175932041,2020-04-28 01:55:00.893,0,0,0,0,0,0,0,0,0,0
1361271,pilot02,-80.1392,-89.3555,898.7427,175951005,2020-04-28 01:55:20.867,0,0,0,0,0,0,0,0,0,0
1361272,pilot02,-84.8999,-82.7637,918.2739,175970972,2020-04-28 01:55:38.310,0,0,0,0,0,0,0,0,0,0
1361273,pilot02,-83.4351,-80.7495,917.1753,175988418,2020-04-28 01:55:55.883,0,0,0,0,0,0,0,0,0,0
1361274,pilot02,-82.3364,-81.3599,917.6636,176005999,2020-04-28 01:56:14.537,0,0,0,0,0,0,0,0,0,0
1361275,pilot02,-83.6792,-79.2847,916.8701,176024658,2020-04-28 01:56:34.587,0,0,0,0,0,0,0,0,0,0
1361276,pilot02,-83.252,-80.9937,918.7012,176044695,2020-04-28 01:56:53.997,0,0,0,0,0,0,0,0,0,0
1361277,pilot02,-82.0923,-79.3457,915.3442,176064103,2020-04-28 01:57:11.137,0,0,0,0,0,0,0,0,0,0
1361278,pilot02,-82.7637,-81.4209,917.7856,176081250,2020-04-28 01:57:28.553,0,0,0,0,0,0,0,0,0,0
1361279,pilot02,-83.4961,-82.2144,916.3208,176098636,2020-04-28 01:57:45.900,0,0,0,0,0,0,0,0,0,0
1361280,pilot02,-83.0078,-81.7261,917.3584,176116012,2020-04-28 01:58:04.773,0,0,0,0,0,0,0,0,0,0
1361281,pilot02,-83.8623,-80.3223,917.8467,176134880,2020-04-28 01:58:22.133,0,0,0,0,0,0,0,0,0,0
1361282,pilot02,-83.0688,-81.665,917.7856,176152216,2020-04-28 01:58:42.293,0,0,0,0,0,0,0,0,0,0
1361283,pilot02,-82.0312,-78.5522,918.8843,176172383,2020-04-28 01:59:00.297,0,0,0,0,0,0,0,0,0,0
1361284,pilot02,-81.9092,-80.1392,917.6025,176190403,2020-04-28 01:59:19.970,0,0,0,0,0,0,0,0,0,0
1361285,pilot02,-84.5337,-81.1157,921.4478,176210071,2020-04-28 01:59:37.597,0,0,0,0,0,0,0,0,0,0
1361286,pilot02,-84.8389,-81.2378,917.4805,176227702,2020-04-28 01:59:54.503,0,0,0,0,0,0,0,0,0,0
1361287,pilot02,-82.9468,-81.4209,918.457,176244618,2020-04-28 02:00:13.883,0,0,0,0,0,0,0,0,0,0
1361288,pilot02,-83.9844,-81.9702,913.0249,176263986,2020-04-28 02:00:31.490,0,0,0,0,0,0,0,0,0,0
1361289,pilot02,-82.5806,-80.6274,918.2129,176281597,2020-04-28 02:00:49.793,0,0,0,0,0,0,0,0,0,0
1361290,pilot02,-82.1533,-79.5898,921.3867,176299957,2020-04-28 02:01:13.340,0,0,0,0,0,0,0,0,0,0
1361291,pilot02,-83.6182,-81.543,917.1143,176323424,2020-04-28 02:01:30.300,0,0,0,0,0,0,0,0,0,0
1361292,pilot02,-78.6743,-87.5854,899.5972,176340396,2020-04-28 02:01:49.747,0,0,0,0,0,0,0,0,0,0
1361293,pilot02,-86.1816,-82.5806,905.5786,176359819,2020-04-28 02:02:07.993,0,0,0,0,0,0,0,0,0,0
1361294,pilot02,-80.4443,-90.5151,889.3433,176378088,2020-04-28 02:02:27.823,0,0,0,0,0,0,0,0,0,0
1361295,pilot02,-85.5103,-89.1724,905.0293,176397911,2020-04-28 02:02:45.263,0,0,0,0,0,0,0,0,0,0
1361296,pilot02,-81.3599,-80.6885,913.0859,176415352,2020-04-28 02:03:02.697,0,0,0,0,0,0,0,0,0,0
1361297,pilot02,-80.2612,-90.9424,904.0527,176432783,2020-04-28 02:03:20.337,0,0,0,0,0,0,0,0,0,0
1361298,pilot02,-85.3271,-83.374,914.5508,176450413,2020-04-28 02:03:38.027,0,0,0,0,0,0,0,0,0,0
1361299,pilot02,-82.7637,-78.9185,916.2598,176468119,2020-04-28 02:03:55.757,0,0,0,0,0,0,0,0,0,0
1361300,pilot02,-86.4258,-82.2754,920.0439,176485854,2020-04-28 02:04:16.613,0,0,0,0,0,0,0,0,0,0
1361301,pilot02,-83.1299,-82.0923,916.8091,176506710,2020-04-28 02:04:38.560,0,0,0,0,0,0,0,0,0,0
1361302,pilot02,-83.6792,-80.3833,917.3584,176528685,2020-04-28 02:04:59.090,0,0,0,0,0,0,0,0,0,0
1361303,pilot02,-82.5195,-81.604,917.6636,176549166,2020-04-28 02:05:18.453,0,0,0,0,0,0,0,0,0,0
1361304,pilot02,-87.2803,-83.1909,916.8091,176568530,2020-04-28 02:05:39.017,0,0,0,0,0,0,0,0,0,0
1361305,pilot02,-82.7026,-81.2988,918.5791,176589116,2020-04-28 02:05:58.583,0,0,0,0,0,0,0,0,0,0
1361306,pilot02,-80.9326,-80.0171,918.1519,176608674,2020-04-28 02:06:17.650,0,0,0,0,0,0,0,0,0,0
1361307,pilot02,-84.9609,-82.2144,918.2739,176627732,2020-04-28 02:06:34.770,0,0,0,0,0,0,0,0,0,0
1361308,pilot02,-83.0688,-80.0171,917.8467,176644859,2020-04-28 02:06:52.573,0,0,0,0,0,0,0,0,0,0
1361309,pilot02,-83.4961,-78.7964,921.0815,176662659,2020-04-28 02:07:11.463,0,0,0,0,0,0,0,0,0,0
1361310,pilot02,-83.4961,-82.3364,920.0439,176681523,2020-04-28 02:07:30.373,0,0,0,0,0,0,0,0,0,0
1361311,pilot02,-81.7261,-80.5664,918.396,176700462,2020-04-28 02:07:49.480,0,0,0,0,0,0,0,0,0,0
1361312,pilot02,-83.1909,-82.3975,914.7949,176719565,2020-04-28 02:08:06.197,0,0,0,0,0,0,0,0,0,0
1361313,pilot02,-84.6558,-79.2236,919.0063,176736242,2020-04-28 02:08:23.187,0,0,0,0,0,0,0,0,0,0
1361314,pilot02,-82.9468,-82.0312,918.2739,176753268,2020-04-28 02:08:40.220,0,0,0,0,0,0,0,0,0,0
1361315,pilot02,-84.5947,-80.7495,916.3818,176770290,2020-04-28 02:08:59.080,0,0,0,0,0,0,0,0,0,0
1361316,pilot02,-81.2378,-81.1157,921.6309,176789149,2020-04-28 02:09:16.033,0,0,0,0,0,0,0,0,0,0
1361317,pilot02,-84.4727,-80.4443,919.9829,176806090,2020-04-28 02:09:33.463,0,0,0,0,0,0,0,0,0,0
1361318,pilot02,-81.665,-84.7168,926.0864,176823526,2020-04-28 02:09:50.440,0,0,0,0,0,0,0,0,0,0
1361319,pilot02,-83.8623,-87.5244,902.0386,176840512,2020-04-28 02:10:07.883,0,0,0,0,0,0,0,0,0,0
1361320,pilot02,-80.5664,-91.9189,900.8179,176857963,2020-04-28 02:10:27.430,0,0,0,0,0,0,0,0,0,0
1361321,pilot02,-81.2378,-89.7217,898.0103,176877511,2020-04-28 02:10:44.310,0,0,0,0,0,0,0,0,0,0
1361322,pilot02,-88.1958,-70.4956,906.8604,176894373,2020-04-28 02:11:05.323,0,0,0,0,0,0,0,0,0,0
1361323,pilot02,-76.1719,-84.2896,907.2876,176915409,2020-04-28 02:11:23.567,0,0,0,0,0,0,0,0,0,0
1361324,pilot02,-83.6792,-81.4209,917.2363,176933649,2020-04-28 02:11:41.610,0,0,0,0,0,0,0,0,0,0
1361325,pilot02,-82.3975,-79.7729,918.335,176951698,2020-04-28 02:11:59.883,0,0,0,0,0,0,0,0,0,0
1361326,pilot02,-80.8105,-79.7119,918.7012,176969953,2020-04-28 02:12:18.533,0,0,0,0,0,0,0,0,0,0
1361327,pilot02,-81.7871,-81.2988,917.2974,176988602,2020-04-28 02:12:36.280,0,0,0,0,0,0,0,0,0,0
1361328,pilot02,-84.7168,-83.9844,918.2129,177006367,2020-04-28 02:12:54.147,0,0,0,0,0,0,0,0,0,0
1361329,pilot02,-82.7637,-81.665,915.9546,177024218,2020-04-28 02:13:12.683,0,0,0,0,0,0,0,0,0,0
1361330,pilot02,-83.7402,-80.9937,918.0298,177042747,2020-04-28 02:13:30.963,0,0,0,0,0,0,0,0,0,0
1361331,pilot02,-80.4443,-79.7119,920.105,177061041,2020-04-28 02:13:48.553,0,0,0,0,0,0,0,0,0,0
1361332,pilot02,-80.8716,-81.543,915.8325,177078622,2020-04-28 02:14:05.450,0,0,0,0,0,0,0,0,0,0
1361333,pilot02,-82.0312,-78.9185,923.7061,177095529,2020-04-28 02:14:22.980,0,0,0,0,0,0,0,0,0,0
1361334,pilot02,-82.0923,-80.3223,918.335,177113054,2020-04-28 02:14:41.550,0,0,0,0,0,0,0,0,0,0
1361335,pilot02,-81.4819,-78.5522,917.2974,177131618,2020-04-28 02:14:58.997,0,0,0,0,0,0,0,0,0,0
1361336,pilot02,-83.252,-80.0781,916.9922,177149064,2020-04-28 02:15:15.870,0,0,0,0,0,0,0,0,0,0
1361337,pilot02,-81.543,-78.3691,918.0298,177165931,2020-04-28 02:15:35.080,0,0,0,0,0,0,0,0,0,0
1361338,pilot02,-83.374,-80.0781,916.5039,177185129,2020-04-28 02:15:53.237,0,0,0,0,0,0,0,0,0,0
1361339,pilot02,-80.3223,-78.4912,919.0063,177203304,2020-04-28 02:16:14.547,0,0,0,0,0,0,0,0,0,0
1361340,pilot02,-81.8481,-78.7354,917.9688,177224595,2020-04-28 02:16:32.543,0,0,0,0,0,0,0,0,0,0
1361341,pilot02,-83.374,-80.9937,918.9453,177242609,2020-04-28 02:16:52.070,0,0,0,0,0,0,0,0,0,0
1361342,pilot02,-82.3364,-79.2847,919.8608,177262132,2020-04-28 02:17:13.080,0,0,0,0,0,0,0,0,0,0
1361343,pilot02,-82.7637,-80.8716,918.5181,177283138,2020-04-28 02:17:32.117,0,0,0,0,0,0,0,0,0,0
1361344,pilot02,-83.4351,-84.4116,895.9351,177302182,2020-04-28 02:17:49.747,0,0,0,0,0,0,0,0,0,0
1361345,pilot02,-80.9326,-71.3501,925.7813,177319812,2020-04-28 02:18:08.827,0,0,0,0,0,0,0,0,0,0
1361346,pilot02,-88.1348,-68.2373,919.8608,177338886,2020-04-28 02:18:30.110,0,0,0,0,0,0,0,0,0,0
1361347,pilot02,-85.2661,-86.853,914.856,177360161,2020-04-28 02:18:51.710,0,0,0,0,0,0,0,0,0,0
1361348,pilot02,-83.0078,-94.1772,892.7612,177381766,2020-04-28 02:19:10.370,0,0,0,0,0,0,0,0,0,0
1361349,pilot02,-86.5479,-83.5571,916.2598,177400425,2020-04-28 02:19:29.450,0,0,0,0,0,0,0,0,0,0
1361350,pilot02,-84.7168,-82.2754,919.9219,177419494,2020-04-28 02:19:50.020,0,0,0,0,0,0,0,0,0,0
1361351,pilot02,-81.4209,-81.9092,915.4663,177440065,2020-04-28 02:20:09.073,0,0,0,0,0,0,0,0,0,0
1361352,pilot02,-81.8481,-78.4302,921.1426,177459134,2020-04-28 02:20:26.233,0,0,0,0,0,0,0,0,0,0
1361353,pilot02,-84.2896,-80.5664,920.8374,177476285,2020-04-28 02:20:43.250,0,0,0,0,0,0,0,0,0,0
1361354,pilot02,-83.313,-81.3599,914.917,177493311,2020-04-28 02:21:00.693,0,0,0,0,0,0,0,0,0,0
1361355,pilot02,-82.0312,-79.5288,922.0581,177510747,2020-04-28 02:21:17.953,0,0,0,0,0,0,0,0,0,0
1361356,pilot02,-82.5806,-78.9795,920.7764,177528003,2020-04-28 02:21:34.770,0,0,0,0,0,0,0,0,0,0
1361357,pilot02,-83.0078,-79.895,922.8516,177544810,2020-04-28 02:21:53.697,0,0,0,0,0,0,0,0,0,0
1361358,pilot02,-83.313,-80.2002,920.4712,177563743,2020-04-28 02:22:10.930,0,0,0,0,0,0,0,0,0,0
1361359,pilot02,-82.5806,-79.895,918.335,177580979,2020-04-28 02:22:28.270,0,0,0,0,0,0,0,0,0,0
1361360,pilot02,-80.8105,-78.9795,917.2974,177598330,2020-04-28 02:22:45.270,0,0,0,0,0,0,0,0,0,0
1361361,pilot02,-81.7261,-79.9561,917.8467,177615317,2020-04-28 02:23:02.707,0,0,0,0,0,0,0,0,0,0
1361362,pilot02,-82.7637,-79.1626,921.0815,177632752,2020-04-28 02:23:19.630,0,0,0,0,0,0,0,0,0,0
1361363,pilot02,-82.5195,-78.7964,920.5933,177649654,2020-04-28 02:23:36.900,0,0,0,0,0,0,0,0,0,0
1361364,pilot02,-81.1157,-80.2002,920.7153,177666945,2020-04-28 02:23:55.020,0,0,0,0,0,0,0,0,0,0
1361365,pilot02,-82.3364,-78.8574,916.9922,177685065,2020-04-28 02:24:13.440,0,0,0,0,0,0,0,0,0,0
1361366,pilot02,-81.8481,-78.186,917.9077,177703479,2020-04-28 02:24:31.217,0,0,0,0,0,0,0,0,0,0
1361367,pilot02,-82.7637,-81.1157,919.6167,177721274,2020-04-28 02:24:50.450,0,0,0,0,0,0,0,0,0,0
1361368,pilot02,-82.1533,-79.834,918.2129,177740478,2020-04-28 02:25:08.573,0,0,0,0,0,0,0,0,0,0
1361369,pilot02,-83.252,-80.6885,919.5557,177758622,2020-04-28 02:25:25.503,0,0,0,0,0,0,0,0,0,0
1361370,pilot02,-86.0596,-89.6606,920.7764,177775549,2020-04-28 02:25:43.387,0,0,0,0,0,0,0,0,0,0
1361371,pilot02,-83.8623,-73.9136,919.2505,177793429,2020-04-28 02:26:01.957,0,0,0,0,0,0,0,0,0,0
1361372,pilot02,-85.5713,-85.5103,910.4614,177811993,2020-04-28 02:26:20.237,0,0,0,0,0,0,0,0,0,0
1361373,pilot02,-83.374,-73.3643,933.5938,177830288,2020-04-28 02:26:38.320,0,0,0,0,0,0,0,0,0,0
1361374,pilot02,-85.2661,-82.0312,907.1655,177848358,2020-04-28 02:26:55.873,0,0,0,0,0,0,0,0,0,0
1361375,pilot02,-77.8198,-73.2422,938.1104,177865913,2020-04-28 02:27:12.990,0,0,0,0,0,0,0,0,0,0
1361376,pilot02,-78.0029,-87.3413,919.5557,177883014,2020-04-28 02:27:29.920,0,0,0,0,0,0,0,0,0,0
1361377,pilot02,-81.7261,-77.8198,919.1895,177899956,2020-04-28 02:27:49.157,0,0,0,0,0,0,0,0,0,0
1361378,pilot02,-78.7354,-79.3457,921.0205,177919195,2020-04-28 02:28:06.253,0,0,0,0,0,0,0,0,0,0
1361379,pilot02,-84.0454,-81.604,917.4805,177936305,2020-04-28 02:28:23.440,0,0,0,0,0,0,0,0,0,0
1361380,pilot02,-82.2144,-77.6367,921.2646,177953476,2020-04-28 02:28:43.540,0,0,0,0,0,0,0,0,0,0
1361381,pilot02,-81.1768,-78.3081,921.814,177973584,2020-04-28 02:29:00.760,0,0,0,0,0,0,0,0,0,0
1361382,pilot02,-81.3599,-78.5522,919.6777,177990795,2020-04-28 02:29:19.293,0,0,0,0,0,0,0,0,0,0
1361383,pilot02,-82.8247,-80.0171,918.8843,178009309,2020-04-28 02:29:38.223,0,0,0,0,0,0,0,0,0,0
1361384,pilot02,-83.0688,-79.7119,915.4663,178028263,2020-04-28 02:29:55.873,0,0,0,0,0,0,0,0,0,0
1361385,pilot02,-81.543,-78.3691,921.0205,178045913,2020-04-28 02:30:15.633,0,0,0,0,0,0,0,0,0,0
1361386,pilot02,-83.0078,-78.6743,920.166,178065660,2020-04-28 02:30:34.360,0,0,0,0,0,0,0,0,0,0
1361387,pilot02,-82.1533,-79.895,922.1191,178084399,2020-04-28 02:30:52.963,0,0,0,0,0,0,0,0,0,0
1361388,pilot02,-83.252,-77.6367,918.5181,178102993,2020-04-28 02:31:14.213,0,0,0,0,0,0,0,0,0,0
1361389,pilot02,-82.0923,-79.895,919.4336,178124229,2020-04-28 02:31:33.537,0,0,0,0,0,0,0,0,0,0
1361390,pilot02,-83.0078,-79.7729,920.0439,178143562,2020-04-28 02:32:06.140,0,0,0,0,0,0,0,0,0,0
1361391,pilot02,-82.8247,-80.1392,921.1426,178161837,2020-04-28 02:32:10.107,0,0,0,0,0,0,0,0,0,0
1361392,pilot02,-83.0688,-81.7261,915.2832,178180131,2020-04-28 02:32:29.070,0,0,0,0,0,0,0,0,0,0
1361393,pilot02,-83.8623,-79.6509,917.9688,178199090,2020-04-28 02:32:53.563,0,0,0,0,0,0,0,0,0,0
1361394,pilot02,-81.9092,-79.6509,921.2036,178223586,2020-04-28 02:33:14.090,0,0,0,0,0,0,0,0,0,0
1361395,pilot02,-82.0312,-78.4912,916.9312,178244122,2020-04-28 02:33:33.043,0,0,0,0,0,0,0,0,0,0
1361396,pilot02,-79.2236,-78.3691,904.8462,178263071,2020-04-28 02:33:56.327,0,0,0,0,0,0,0,0,0,0
1361397,pilot02,-78.064,-85.3882,894.7754,178286359,2020-04-28 02:34:14.783,0,0,0,0,0,0,0,0,0,0
1361398,pilot02,-85.4492,-78.2471,904.3579,178304808,2020-04-28 02:34:32.493,0,0,0,0,0,0,0,0,0,0
1361399,pilot02,-83.7402,-84.7778,928.4668,178322513,2020-04-28 02:34:49.473,0,0,0,0,0,0,0,0,0,0
1361400,pilot02,-79.834,-73.9136,929.6265,178339500,2020-04-28 02:35:06.477,0,0,0,0,0,0,0,0,0,0
1361401,pilot02,-80.1392,-81.1157,928.772,178356496,2020-04-28 02:35:24.300,0,0,0,0,0,0,0,0,0,0
1361402,pilot02,-82.0923,-80.2612,918.457,178374316,2020-04-28 02:35:41.550,0,0,0,0,0,0,0,0,0,0
1361403,pilot02,-81.4819,-82.0312,920.2271,178391567,2020-04-28 02:35:58.743,0,0,0,0,0,0,0,0,0,0
1361404,pilot02,-82.7637,-76.7212,921.875,178408754,2020-04-28 02:36:17.867,0,0,0,0,0,0,0,0,0,0
1361405,pilot02,-83.9844,-80.7495,918.8843,178427877,2020-04-28 02:36:35.333,0,0,0,0,0,0,0,0,0,0
1361406,pilot02,-83.9844,-80.6885,916.3208,178445343,2020-04-28 02:36:52.577,0,0,0,0,0,0,0,0,0,0
1361407,pilot02,-81.604,-78.064,922.9126,178462599,2020-04-28 02:37:10.740,0,0,0,0,0,0,0,0,0,0
1361408,pilot02,-81.4209,-79.2236,919.3726,178480758,2020-04-28 02:37:28.990,0,0,0,0,0,0,0,0,0,0
1361409,pilot02,-81.9092,-78.2471,920.7153,178499008,2020-04-28 02:37:46.503,0,0,0,0,0,0,0,0,0,0
1361410,pilot02,-79.6509,-79.3457,923.0347,178516519,2020-04-28 02:38:05.670,0,0,0,0,0,0,0,0,0,0
1361411,pilot02,-80.4443,-76.6602,922.3633,178535677,2020-04-28 02:38:22.537,0,0,0,0,0,0,0,0,0,0
1361412,pilot02,-78.3691,-77.9419,919.1895,178552544,2020-04-28 02:38:41.790,0,0,0,0,0,0,0,0,0,0
1361413,pilot02,-81.7871,-77.3926,920.8984,178571792,2020-04-28 02:39:00.210,0,0,0,0,0,0,0,0,0,0
1361414,pilot02,-81.0547,-79.834,921.1426,178590216,2020-04-28 02:39:19.070,0,0,0,0,0,0,0,0,0,0
1361415,pilot02,-83.9233,-79.5288,920.0439,178609070,2020-04-28 02:39:35.997,0,0,0,0,0,0,0,0,0,0
1361416,pilot02,-80.1392,-79.3457,918.457,178626006,2020-04-28 02:39:53.223,0,0,0,0,0,0,0,0,0,0
1361417,pilot02,-83.4351,-80.0781,917.9077,178643237,2020-04-28 02:40:10.233,0,0,0,0,0,0,0,0,0,0
1361418,pilot02,-81.4819,-80.4443,921.0205,178660239,2020-04-28 02:40:27.313,0,0,0,0,0,0,0,0,0,0
1361419,pilot02,-79.834,-79.2847,918.8843,178677305,2020-04-28 02:40:44.270,0,0,0,0,0,0,0,0,0,0
1361420,pilot02,-81.2988,-79.2236,918.7622,178694266,2020-04-28 02:41:01.070,0,0,0,0,0,0,0,0,0,0
1361421,pilot02,-80.8105,-78.6133,917.9077,178711083,2020-04-28 02:41:18.377,0,0,0,0,0,0,0,0,0,0
1361422,pilot02,-75.5005,-82.4585,909.4849,178728384,2020-04-28 02:41:35.353,0,0,0,0,0,0,0,0,0,0
1361423,pilot02,-79.6509,-84.8999,914.7949,178745355,2020-04-28 02:41:53.293,0,0,0,0,0,0,0,0,0,0
1361424,pilot02,-81.2988,-69.5801,918.1519,178763301,2020-04-28 02:42:10.443,0,0,0,0,0,0,0,0,0,0
1361425,pilot02,-82.7026,-70.5566,928.4668,178780446,2020-04-28 02:42:28.463,0,0,0,0,0,0,0,0,0,0
1361426,pilot02,-79.5288,-89.1113,912.3535,178798461,2020-04-28 02:42:45.423,0,0,0,0,0,0,0,0,0,0
1361427,pilot02,-74.9512,-88.0737,931.2744,178815423,2020-04-28 02:43:02.663,0,0,0,0,0,0,0,0,0,0
1361428,pilot02,-74.585,-79.895,929.4434,178832669,2020-04-28 02:43:21.517,0,0,0,0,0,0,0,0,0,0
1361429,pilot02,-79.4678,-77.8198,924.8047,178851518,2020-04-28 02:43:38.927,0,0,0,0,0,0,0,0,0,0
1361430,pilot02,-81.4209,-82.0923,919.0674,178868918,2020-04-28 02:43:56.153,0,0,0,0,0,0,0,0,0,0
1361431,pilot02,-80.5664,-78.7964,920.5322,178886154,2020-04-28 02:44:13.987,0,0,0,0,0,0,0,0,0,0
1361432,pilot02,-81.4819,-77.1484,918.335,178904015,2020-04-28 02:44:35.110,0,0,0,0,0,0,0,0,0,0
1361433,pilot02,-83.6182,-79.7729,915.7715,178925105,2020-04-28 02:44:53.047,0,0,0,0,0,0,0,0,0,0
1361434,pilot02,-80.3833,-79.1016,921.5088,178943050,2020-04-28 02:45:10.440,0,0,0,0,0,0,0,0,0,0
1361435,pilot02,-80.3223,-77.2705,921.3867,178960446,2020-04-28 02:45:28.687,0,0,0,0,0,0,0,0,0,0
1361436,pilot02,-81.1768,-78.6133,915.1001,178978691,2020-04-28 02:45:46.270,0,0,0,0,0,0,0,0,0,0
1361437,pilot02,-81.2988,-80.9326,920.2881,178996266,2020-04-28 02:46:05.880,0,0,0,0,0,0,0,0,0,0
1361438,pilot02,-82.0923,-79.5898,921.0815,179015894,2020-04-28 02:46:27.883,0,0,0,0,0,0,0,0,0,0
1361439,pilot02,-79.7729,-77.6367,920.0439,179037888,2020-04-28 02:46:47.667,0,0,0,0,0,0,0,0,0,0
1361440,pilot02,-83.252,-79.7119,918.2739,179057661,2020-04-28 02:47:11.163,0,0,0,0,0,0,0,0,0,0
1361441,pilot02,-83.9844,-79.4678,922.7905,179081158,2020-04-28 02:47:31.983,0,0,0,0,0,0,0,0,0,0
1361442,pilot02,-80.2612,-79.2847,921.936,179101984,2020-04-28 02:47:51.267,0,0,0,0,0,0,0,0,0,0
1361443,pilot02,-82.1533,-78.7964,921.0205,179121257,2020-04-28 02:48:09.450,0,0,0,0,0,0,0,0,0,0
1361444,pilot02,-80.3833,-80.0171,922.4243,179139437,2020-04-28 02:48:26.600,0,0,0,0,0,0,0,0,0,0
1361445,pilot02,-80.7495,-78.8574,921.3257,179156598,2020-04-28 02:48:43.407,0,0,0,0,0,0,0,0,0,0
1361446,pilot02,-82.1533,-79.5898,916.5649,179173380,2020-04-28 02:49:02.260,0,0,0,0,0,0,0,0,0,0
1361447,pilot02,-83.374,-78.4912,919.9829,179192248,2020-04-28 02:49:19.400,0,0,0,0,0,0,0,0,0,0
1361448,pilot02,-78.9185,-73.4863,955.9937,179209390,2020-04-28 02:49:36.587,0,0,0,0,0,0,0,0,0,0
1361449,pilot02,-81.0547,-84.5337,907.5317,179226581,2020-04-28 02:49:53.757,0,0,0,0,0,0,0,0,0,0
1361450,pilot02,-78.125,-76.4771,926.0864,179243737,2020-04-28 02:50:10.723,0,0,0,0,0,0,0,0,0,0
1361451,pilot02,-76.4771,-84.9609,901.6724,179260713,2020-04-28 02:50:29.687,0,0,0,0,0,0,0,0,0,0
1361452,pilot02,-87.5244,-81.1157,908.9355,179279672,2020-04-28 02:50:48.593,0,0,0,0,0,0,0,0,0,0
1361453,pilot02,-81.4819,-82.2754,933.8379,179298576,2020-04-28 02:51:05.543,0,0,0,0,0,0,0,0,0,0
1361454,pilot02,-79.0405,-75.7446,919.7998,179315522,2020-04-28 02:51:22.727,0,0,0,0,0,0,0,0,0,0
1361455,pilot02,-82.6416,-79.9561,919.0063,179332703,2020-04-28 02:51:40.987,0,0,0,0,0,0,0,0,0,0
1361456,pilot02,-82.0312,-78.6743,919.9829,179350963,2020-04-28 02:51:58.220,0,0,0,0,0,0,0,0,0,0
1361457,pilot02,-81.3599,-79.3457,919.6777,179368209,2020-04-28 02:52:15.217,0,0,0,0,0,0,0,0,0,0
1361458,pilot02,-82.3364,-79.2847,918.457,179385205,2020-04-28 02:52:32.567,0,0,0,0,0,0,0,0,0,0
1361459,pilot02,-81.543,-77.7588,923.645,179402526,2020-04-28 02:52:49.273,0,0,0,0,0,0,0,0,0,0
1361460,pilot02,-82.4585,-77.2095,920.3491,179419253,2020-04-28 02:53:06.467,0,0,0,0,0,0,0,0,0,0
1361461,pilot02,-81.4209,-78.3691,919.6777,179436434,2020-04-28 02:53:26.177,0,0,0,0,0,0,0,0,0,0
1361462,pilot02,-83.4961,-77.4536,923.5229,179456151,2020-04-28 02:53:45.583,0,0,0,0,0,0,0,0,0,0
1361463,pilot02,-80.8716,-82.9468,917.6636,179475564,2020-04-28 02:54:02.697,0,0,0,0,0,0,0,0,0,0
1361464,pilot02,-79.7729,-78.5522,922.1802,179492676,2020-04-28 02:54:19.830,0,0,0,0,0,0,0,0,0,0
1361465,pilot02,-83.1299,-78.9185,921.0205,179509802,2020-04-28 02:54:37.153,0,0,0,0,0,0,0,0,0,0
1361466,pilot02,-82.8247,-82.0923,916.9922,179527128,2020-04-28 02:54:56.817,0,0,0,0,0,0,0,0,0,0
1361467,pilot02,-78.4302,-76.9653,922.8516,179546800,2020-04-28 02:55:15.113,0,0,0,0,0,0,0,0,0,0
1361468,pilot02,-81.665,-78.9185,921.7529,179565085,2020-04-28 02:55:32.087,0,0,0,0,0,0,0,0,0,0
1361469,pilot02,-80.4443,-77.3926,924.4995,179582066,2020-04-28 02:55:50.400,0,0,0,0,0,0,0,0,0,0
1361470,pilot02,-82.6416,-81.0547,919.6167,179600371,2020-04-28 02:56:07.483,0,0,0,0,0,0,0,0,0,0
1361471,pilot02,-80.0171,-80.2612,923.645,179617452,2020-04-28 02:56:24.583,0,0,0,0,0,0,0,0,0,0
1361472,pilot02,-80.5664,-77.2705,919.2505,179634553,2020-04-28 02:56:43.797,0,0,0,0,0,0,0,0,0,0
1361473,pilot02,-82.0312,-78.4912,919.0063,179653767,2020-04-28 02:57:00.963,0,0,0,0,0,0,0,0,0,0
1361474,pilot02,-83.1299,-80.2612,920.9595,179670942,2020-04-28 02:57:18.350,0,0,0,0,0,0,0,0,0,0
1361475,pilot02,-80.3223,-80.2612,900.9399,179688323,2020-04-28 02:57:37.253,0,0,0,0,0,0,0,0,0,0
1361476,pilot02,-77.7588,-90.0879,903.3203,179707217,2020-04-28 02:57:54.867,0,0,0,0,0,0,0,0,0,0
1361477,pilot02,-79.2236,-89.7827,909.9731,179724827,2020-04-28 02:58:13.797,0,0,0,0,0,0,0,0,0,0
1361478,pilot02,-82.8247,-85.022,913.8794,179743761,2020-04-28 02:58:33.100,0,0,0,0,0,0,0,0,0,0
1361479,pilot02,-82.5806,-75.3174,944.8853,179763064,2020-04-28 02:58:51.407,0,0,0,0,0,0,0,0,0,0
1361480,pilot02,-86.1206,-73.4253,920.166,179781394,2020-04-28 02:59:14.220,0,0,0,0,0,0,0,0,0,0
1361481,pilot02,-81.4819,-85.5713,923.3398,179804192,2020-04-28 02:59:33.510,0,0,0,0,0,0,0,0,0,0
1361482,pilot02,-82.8857,-78.4912,920.7153,179823475,2020-04-28 02:59:52.647,0,0,0,0,0,0,0,0,0,0
1361483,pilot02,-78.7964,-78.064,922.7295,179842614,2020-04-28 03:00:11.710,0,0,0,0,0,0,0,0,0,0
1361484,pilot02,-82.0312,-78.4912,921.814,179861682,2020-04-28 03:00:30.770,0,0,0,0,0,0,0,0,0,0
1361485,pilot02,-81.0547,-76.4771,916.3208,179880715,2020-04-28 03:00:50.047,0,0,0,0,0,0,0,0,0,0
1361486,pilot02,-80.1392,-80.6274,918.335,179900004,2020-04-28 03:01:08.393,0,0,0,0,0,0,0,0,0,0
1361487,pilot02,-81.9702,-78.4302,919.6167,179918358,2020-04-28 03:01:27.650,0,0,0,0,0,0,0,0,0,0
1361488,pilot02,-80.4443,-77.6367,917.5415,179937646,2020-04-28 03:01:45.930,0,0,0,0,0,0,0,0,0,0
1361489,pilot02,-82.8247,-79.5288,920.2271,179955896,2020-04-28 03:02:06.783,0,0,0,0,0,0,0,0,0,0
1361490,pilot02,-80.8105,-79.834,919.5557,179976742,2020-04-28 03:02:25.403,0,0,0,0,0,0,0,0,0,0
1361491,pilot02,-79.9561,-80.0781,919.7998,179995356,2020-04-28 03:02:42.330,0,0,0,0,0,0,0,0,0,0
1361492,pilot02,-82.0312,-79.5898,920.7153,180012282,2020-04-28 03:02:59.843,0,0,0,0,0,0,0,0,0,0
1361493,pilot02,-79.6509,-80.8105,917.1143,180029733,2020-04-28 03:03:16.750,0,0,0,0,0,0,0,0,0,0
1361494,pilot02,-80.8105,-78.3691,921.3867,180046704,2020-04-28 03:03:36.250,0,0,0,0,0,0,0,0,0,0
1361495,pilot02,-80.2002,-82.5806,917.0532,180066217,2020-04-28 03:03:54.947,0,0,0,0,0,0,0,0,0,0
1361496,pilot02,-76.6602,-77.3926,925.0488,180084901,2020-04-28 03:04:12.093,0,0,0,0,0,0,0,0,0,0
1361497,pilot02,-81.9092,-81.665,918.5791,180102052,2020-04-28 03:04:31.030,0,0,0,0,0,0,0,0,0,0
1361498,pilot02,-82.2754,-79.2847,922.3633,180120971,2020-04-28 03:04:47.953,0,0,0,0,0,0,0,0,0,0
1361499,pilot02,-82.2754,-79.5898,921.0205,180137908,2020-04-28 03:05:27.897,0,0,0,0,0,0,0,0,0,0
1361500,pilot02,-82.3975,-77.9419,920.7153,180156017,2020-04-28 03:05:27.897,0,0,0,0,0,0,0,0,0,0
1361501,pilot02,-82.8857,-83.0078,923.0957,180175924,2020-04-28 03:05:44.197,0,0,0,0,0,0,0,0,0,0
1361502,pilot02,-72.998,-86.4868,901.4893,180194144,2020-04-28 03:06:01.323,0,0,0,0,0,0,0,0,0,0
1361503,pilot02,-86.731,-65.6128,925.7813,180211270,2020-04-28 03:06:18.497,0,0,0,0,0,0,0,0,0,0
1361504,pilot02,-86.4258,-72.937,908.7524,180228441,2020-04-28 03:06:35.313,0,0,0,0,0,0,0,0,0,0
1361505,pilot02,-84.8389,-74.646,912.5366,180245268,2020-04-28 03:06:54.010,0,0,0,0,0,0,0,0,0,0
1361506,pilot02,-80.5054,-85.8154,914.856,180263952,2020-04-28 03:07:12.283,0,0,0,0,0,0,0,0,0,0
1361507,pilot02,-81.9702,-84.1064,906.0669,180282231,2020-04-28 03:07:32.263,0,0,0,0,0,0,0,0,0,0
1361508,pilot02,-80.8105,-78.064,921.2036,180302219,2020-04-28 03:07:49.527,0,0,0,0,0,0,0,0,0,0
1361509,pilot02,-80.2002,-81.7261,922.1802,180319469,2020-04-28 03:08:07.177,0,0,0,0,0,0,0,0,0,0
1361510,pilot02,-79.1626,-79.4678,920.5933,180337245,2020-04-28 03:08:24.230,0,0,0,0,0,0,0,0,0,0
1361511,pilot02,-79.1626,-77.0264,924.8047,180354181,2020-04-28 03:08:41.287,0,0,0,0,0,0,0,0,0,0
1361512,pilot02,-79.834,-78.9795,919.2505,180371237,2020-04-28 03:08:58.670,0,0,0,0,0,0,0,0,0,0
1361513,pilot02,-82.0312,-78.6743,928.1616,180388613,2020-04-28 03:09:15.833,0,0,0,0,0,0,0,0,0,0
1361514,pilot02,-82.8857,-78.8574,919.1284,180405749,2020-04-28 03:09:32.720,0,0,0,0,0,0,0,0,0,0
1361515,pilot02,-80.3223,-77.7588,920.7153,180422636,2020-04-28 03:09:50.563,0,0,0,0,0,0,0,0,0,0
1361516,pilot02,-82.0923,-80.0171,918.396,180440501,2020-04-28 03:10:07.717,0,0,0,0,0,0,0,0,0,0
1361517,pilot02,-81.1768,-77.5146,923.2788,180457652,2020-04-28 03:10:26.780,0,0,0,0,0,0,0,0,0,0
1361518,pilot02,-81.7871,-79.1626,922.8516,180476725,2020-04-28 03:10:43.777,0,0,0,0,0,0,0,0,0,0
1361519,pilot02,-82.2754,-79.2847,919.6777,180493722,2020-04-28 03:11:00.893,0,0,0,0,0,0,0,0,0,0
1361520,pilot02,-81.1768,-78.8574,918.457,180510693,2020-04-28 03:11:17.673,0,0,0,0,0,0,0,0,0,0
1361521,pilot02,-81.1768,-79.5288,919.1284,180527614,2020-04-28 03:11:35.440,0,0,0,0,0,0,0,0,0,0
1361522,pilot02,-79.5288,-78.3691,923.584,180545375,2020-04-28 03:11:53.067,0,0,0,0,0,0,0,0,0,0
1361523,pilot02,-80.8105,-79.895,921.1426,180562945,2020-04-28 03:12:09.927,0,0,0,0,0,0,0,0,0,0
1361524,pilot02,-79.895,-78.7354,921.5698,180579862,2020-04-28 03:12:26.847,0,0,0,0,0,0,0,0,0,0
1361525,pilot02,-81.4209,-77.2705,917.6636,180596783,2020-04-28 03:12:47.837,0,0,0,0,0,0,0,0,0,0
1361526,pilot02,-83.0688,-78.6743,922.0581,180617769,2020-04-28 03:13:05.760,0,0,0,0,0,0,0,0,0,0
1361527,pilot02,-79.895,-79.4067,919.4336,180635754,2020-04-28 03:13:23.320,0,0,0,0,0,0,0,0,0,0
1361528,pilot02,-86.1816,-69.2749,927.7344,180653309,2020-04-28 03:13:43.437,0,0,0,0,0,0,0,0,0,0
1361529,pilot02,-73.6694,-83.4351,919.3726,180673361,2020-04-28 03:14:00.937,0,0,0,0,0,0,0,0,0,0
1361530,pilot02,-77.9419,-88.1958,893.3105,180690862,2020-04-28 03:14:19.953,0,0,0,0,0,0,0,0,0,0
1361531,pilot02,-84.5337,-80.2612,918.5791,180709870,2020-04-28 03:14:37.313,0,0,0,0,0,0,0,0,0,0
1361532,pilot02,-85.8154,-82.0312,924.5605,180727231,2020-04-28 03:14:55.397,0,0,0,0,0,0,0,0,0,0
1361533,pilot02,-79.834,-86.731,930.542,180745216,2020-04-28 03:15:13.613,0,0,0,0,0,0,0,0,0,0
1361534,pilot02,-80.5054,-77.3315,903.8086,180763556,2020-04-28 03:15:38.907,0,0,0,0,0,0,0,0,0,0
1361535,pilot02,-82.0312,-78.4912,921.936,180788840,2020-04-28 03:15:57.597,0,0,0,0,0,0,0,0,0,0
1361536,pilot02,-83.1909,-80.0171,921.3257,180807434,2020-04-28 03:16:16.367,0,0,0,0,0,0,0,0,0,0
1361537,pilot02,-78.7964,-76.9043,922.3022,180826293,2020-04-28 03:16:34.003,0,0,0,0,0,0,0,0,0,0
1361538,pilot02,-81.1157,-80.8716,922.6685,180843923,2020-04-28 03:16:50.863,0,0,0,0,0,0,0,0,0,0
1361539,pilot02,-80.5664,-78.7354,919.7998,180860790,2020-04-28 03:17:08.083,0,0,0,0,0,0,0,0,0,0
1361540,pilot02,-80.4443,-79.5288,922.7295,180878011,2020-04-28 03:17:25.490,0,0,0,0,0,0,0,0,0,0
1361541,pilot02,-76.355,-75.8057,923.2178,180895406,2020-04-28 03:17:45.373,0,0,0,0,0,0,0,0,0,0
1361542,pilot02,-77.1484,-77.2095,923.8892,180915304,2020-04-28 03:18:02.470,0,0,0,0,0,0,0,0,0,0
1361543,pilot02,-80.3223,-77.5146,922.4854,180932380,2020-04-28 03:18:19.373,0,0,0,0,0,0,0,0,0,0
1361544,pilot02,-82.0312,-77.5146,922.3633,180949306,2020-04-28 03:18:38.373,0,0,0,0,0,0,0,0,0,0
1361545,pilot02,-80.7495,-77.2705,921.0815,180968290,2020-04-28 03:18:55.293,0,0,0,0,0,0,0,0,0,0
1361546,pilot02,-81.7871,-79.5898,923.645,180985216,2020-04-28 03:19:12.307,0,0,0,0,0,0,0,0,0,0
1361547,pilot02,-79.4678,-77.6367,923.2178,181002192,2020-04-28 03:19:29.100,0,0,0,0,0,0,0,0,0,0
1361548,pilot02,-79.1016,-77.3315,919.3726,181019024,2020-04-28 03:19:46.030,0,0,0,0,0,0,0,0,0,0
1361549,pilot02,-79.5898,-78.9185,918.5791,181035955,2020-04-28 03:20:03.007,0,0,0,0,0,0,0,0,0,0
1361550,pilot02,-79.3457,-78.9185,920.4102,181052922,2020-04-28 03:20:19.770,0,0,0,0,0,0,0,0,0,0
1361551,pilot02,-79.834,-76.6602,922.6685,181069688,2020-04-28 03:20:36.807,0,0,0,0,0,0,0,0,0,0
1361552,pilot02,-79.3457,-76.2939,921.2036,181086714,2020-04-28 03:20:53.600,0,0,0,0,0,0,0,0,0,0
1361553,pilot02,-81.2378,-78.5522,921.9971,181103511,2020-04-28 03:21:10.513,0,0,0,0,0,0,0,0,0,0
1361554,pilot02,-79.895,-76.416,921.0815,181120422,2020-04-28 03:21:27.573,0,0,0,0,0,0,0,0,0,0
1361555,pilot02,-81.7261,-85.3882,923.9502,181137483,2020-04-28 03:21:44.337,0,0,0,0,0,0,0,0,0,0
1361556,pilot02,-80.3833,-84.7778,916.3208,181154255,2020-04-28 03:22:01.277,0,0,0,0,0,0,0,0,0,0
1361557,pilot02,-82.3975,-86.853,922.9736,181171181,2020-04-28 03:22:18.600,0,0,0,0,0,0,0,0,0,0
1361558,pilot02,-74.1577,-85.144,901.123,181188502,2020-04-28 03:22:35.790,0,0,0,0,0,0,0,0,0,0
1361559,pilot02,-80.6274,-76.2939,926.6357,181205698,2020-04-28 03:22:52.943,0,0,0,0,0,0,0,0,0,0
1361560,pilot02,-76.7212,-86.4258,920.105,181222844,2020-04-28 03:23:09.707,0,0,0,0,0,0,0,0,0,0
1361561,pilot02,-84.8389,-78.5522,914.3677,181239606,2020-04-28 03:23:27.233,0,0,0,0,0,0,0,0,0,0
1361562,pilot02,-78.0029,-75.6226,921.1426,181257151,2020-04-28 03:23:44.480,0,0,0,0,0,0,0,0,0,0
1361563,pilot02,-79.4067,-77.6978,922.1191,181274387,2020-04-28 03:24:01.270,0,0,0,0,0,0,0,0,0,0
1361564,pilot02,-79.1016,-78.064,921.936,181291174,2020-04-28 03:24:18.843,0,0,0,0,0,0,0,0,0,0
1361565,pilot02,-79.9561,-77.5146,921.814,181308744,2020-04-28 03:24:35.797,0,0,0,0,0,0,0,0,0,0
1361566,pilot02,-79.5898,-76.0498,923.2788,181325696,2020-04-28 03:24:54.350,0,0,0,0,0,0,0,0,0,0
1361567,pilot02,-81.4209,-77.4536,921.4478,181344260,2020-04-28 03:25:11.610,0,0,0,0,0,0,0,0,0,0
1361568,pilot02,-78.6133,-77.2095,920.5322,181361506,2020-04-28 03:25:28.620,0,0,0,0,0,0,0,0,0,0
1361569,pilot02,-80.8105,-77.0874,922.6685,181378517,2020-04-28 03:25:45.493,0,0,0,0,0,0,0,0,0,0
1361570,pilot02,-81.0547,-79.9561,919.5557,181395398,2020-04-28 03:26:02.873,0,0,0,0,0,0,0,0,0,0
1361571,pilot02,-79.1626,-77.0264,922.1802,181412779,2020-04-28 03:26:19.720,0,0,0,0,0,0,0,0,0,0
1361572,pilot02,-80.3223,-75.3174,922.6685,181429615,2020-04-28 03:26:36.287,0,0,0,0,0,0,0,0,0,0
1361573,pilot02,-79.4067,-78.4912,922.9126,181446192,2020-04-28 03:26:56.517,0,0,0,0,0,0,0,0,0,0
1361574,pilot02,-81.9092,-79.4067,921.875,181466429,2020-04-28 03:27:17.103,0,0,0,0,0,0,0,0,0,0
1361575,pilot02,-79.3457,-77.8198,916.8701,181487010,2020-04-28 03:27:36.460,0,0,0,0,0,0,0,0,0,0
1361576,pilot02,-76.416,-76.7212,921.6309,181506363,2020-04-28 03:27:54.657,0,0,0,0,0,0,0,0,0,0
1361577,pilot02,-79.9561,-78.8574,918.8232,181524538,2020-04-28 03:28:12.700,0,0,0,0,0,0,0,0,0,0
1361578,pilot02,-78.8574,-79.2236,916.2598,181542578,2020-04-28 03:28:30.553,0,0,0,0,0,0,0,0,0,0
1361579,pilot02,-79.7729,-78.7964,922.9736,181560453,2020-04-28 03:28:50.273,0,0,0,0,0,0,0,0,0,0
1361580,pilot02,-78.5522,-76.0498,920.7764,181580165,2020-04-28 03:29:12.893,0,0,0,0,0,0,0,0,0,0
1361581,pilot02,-78.125,-75.7446,925.5981,181602898,2020-04-28 03:29:34.410,0,0,0,0,0,0,0,0,0,0
1361582,pilot02,-76.4771,-87.5854,905.8838,181624308,2020-04-28 03:29:57.340,0,0,0,0,0,0,0,0,0,0
1361583,pilot02,-81.8481,-75.1953,936.2183,181647251,2020-04-28 03:30:16.073,0,0,0,0,0,0,0,0,0,0
1361584,pilot02,-73.3643,-85.144,916.8701,181665955,2020-04-28 03:30:33.760,0,0,0,0,0,0,0,0,0,0
1361585,pilot02,-76.8433,-78.6133,928.1616,181683641,2020-04-28 03:30:50.500,0,0,0,0,0,0,0,0,0,0
1361586,pilot02,-78.6133,-76.1719,914.856,181700392,2020-04-28 03:31:09.417,0,0,0,0,0,0,0,0,0,0
1361587,pilot02,-78.064,-69.7021,915.1611,181719316,2020-04-28 03:31:29.353,0,0,0,0,0,0,0,0,0,0
1361588,pilot02,-76.9653,-75.6836,923.2178,181739238,2020-04-28 03:31:47.077,0,0,0,0,0,0,0,0,0,0
1361589,pilot02,-78.9185,-76.416,919.0063,181756968,2020-04-28 03:32:05.147,0,0,0,0,0,0,0,0,0,0
1361590,pilot02,-78.4912,-77.9419,923.0957,181775033,2020-04-28 03:32:22.613,0,0,0,0,0,0,0,0,0,0
1361591,pilot02,-78.8574,-75.6226,923.5229,181792503,2020-04-28 03:32:40.187,0,0,0,0,0,0,0,0,0,0
1361592,pilot02,-79.2847,-78.4912,919.0063,181810068,2020-04-28 03:32:57.233,0,0,0,0,0,0,0,0,0,0
1361593,pilot02,-78.9185,-75.3174,926.9409,181827109,2020-04-28 03:33:17.023,0,0,0,0,0,0,0,0,0,0
1361594,pilot02,-78.125,-75.0122,923.1567,181846917,2020-04-28 03:33:35.857,0,0,0,0,0,0,0,0,0,0
1361595,pilot02,-80.5664,-78.7964,920.6543,181865750,2020-04-28 03:33:54.020,0,0,0,0,0,0,0,0,0,0
1361596,pilot02,-76.5991,-71.6553,924.9878,181883880,2020-04-28 03:34:13.580,0,0,0,0,0,0,0,0,0,0
1361597,pilot02,-76.2329,-75.8667,923.4619,181903462,2020-04-28 03:34:31.033,0,0,0,0,0,0,0,0,0,0
1361598,pilot02,-75.1953,-74.1577,927.3682,181920913,2020-04-28 03:34:47.980,0,0,0,0,0,0,0,0,0,0
1361599,pilot02,-78.3691,-77.0874,929.6875,181937864,2020-04-28 03:35:06.437,0,0,0,0,0,0,0,0,0,0
1361600,pilot02,-74.0967,-71.5332,926.4526,181956208,2020-04-28 03:35:24.053,0,0,0,0,0,0,0,0,0,0
1361601,pilot02,-74.646,-73.0591,927.5513,181973928,2020-04-28 03:35:42.893,0,0,0,0,0,0,0,0,0,0
1361602,pilot02,-75.2563,-71.2891,923.0347,181992772,2020-04-28 03:36:00.447,0,0,0,0,0,0,0,0,0,0
1361603,pilot02,-75.5615,-73.5474,923.7671,182010312,2020-04-28 03:36:17.433,0,0,0,0,0,0,0,0,0,0
1361604,pilot02,-74.585,-72.4487,928.9551,182027313,2020-04-28 03:36:36.087,0,0,0,0,0,0,0,0,0,0
1361605,pilot02,-77.9419,-77.3315,922.9736,182045967,2020-04-28 03:36:53.517,0,0,0,0,0,0,0,0,0,0
1361606,pilot02,-73.7305,-71.0449,925.2319,182063393,2020-04-28 03:37:11.303,0,0,0,0,0,0,0,0,0,0
1361607,pilot02,-77.1484,-73.8525,922.6685,182081183,2020-04-28 03:37:28.423,0,0,0,0,0,0,0,0,0,0
1361608,pilot02,-79.2236,-77.9419,935.8521,182098288,2020-04-28 03:37:46.053,0,0,0,0,0,0,0,0,0,0
1361609,pilot02,-78.5522,-67.4438,929.4434,182115924,2020-04-28 03:38:03.910,0,0,0,0,0,0,0,0,0,0
1361610,pilot02,-77.3315,-81.2988,914.5508,182133784,2020-04-28 03:38:21.290,0,0,0,0,0,0,0,0,0,0
1361611,pilot02,-74.4629,-71.4111,937.439,182151164,2020-04-28 03:38:40.260,0,0,0,0,0,0,0,0,0,0
1361612,pilot02,-80.2002,-83.6182,911.1938,182170143,2020-04-28 03:38:59.293,0,0,0,0,0,0,0,0,0,0
1361613,pilot02,-75.8057,-71.4111,916.626,182189166,2020-04-28 03:39:16.837,0,0,0,0,0,0,0,0,0,0
1361614,pilot02,-79.895,-76.6602,927.124,182206701,2020-04-28 03:39:33.680,0,0,0,0,0,0,0,0,0,0
1361615,pilot02,-75.5005,-72.6318,925.0488,182223562,2020-04-28 03:39:51.917,0,0,0,0,0,0,0,0,0,0
1361616,pilot02,-79.1016,-75.6836,922.5464,182241786,2020-04-28 03:40:10.433,0,0,0,0,0,0,0,0,0,0
1361617,pilot02,-72.6929,-73.9746,925.5371,182260315,2020-04-28 03:40:29.363,0,0,0,0,0,0,0,0,0,0
1361618,pilot02,-73.7915,-74.8291,928.772,182279229,2020-04-28 03:40:47.280,0,0,0,0,0,0,0,0,0,0
1361619,pilot02,-73.1812,-71.4111,925.9644,182297143,2020-04-28 03:41:05.483,0,0,0,0,0,0,0,0,0,0
1361620,pilot02,-75.0122,-72.937,926.2085,182315353,2020-04-28 03:41:24.227,0,0,0,0,0,0,0,0,0,0
1361621,pilot02,-76.5381,-74.9512,927.7954,182334096,2020-04-28 03:41:42.313,0,0,0,0,0,0,0,0,0,0
1361622,pilot02,-74.7681,-74.707,925.354,182352171,2020-04-28 03:42:02.103,0,0,0,0,0,0,0,0,0,0
1361623,pilot02,-75.9277,-74.0967,926.9409,182371953,2020-04-28 03:42:22.580,0,0,0,0,0,0,0,0,0,0
1361624,pilot02,-73.4863,-73.7305,927.6123,182392449,2020-04-28 03:42:40.113,0,0,0,0,0,0,0,0,0,0
1361625,pilot02,-75.6836,-73.9746,927.7954,182409969,2020-04-28 03:42:59.923,0,0,0,0,0,0,0,0,0,0
1361626,pilot02,-75.3784,-73.7915,925.354,182429777,2020-04-28 03:43:17.893,0,0,0,0,0,0,0,0,0,0
1361627,pilot02,-74.9512,-73.7915,926.1475,182447751,2020-04-28 03:43:38.137,0,0,0,0,0,0,0,0,0,0
1361628,pilot02,-75.0732,-72.7539,929.8096,182467997,2020-04-28 03:43:55.993,0,0,0,0,0,0,0,0,0,0
1361629,pilot02,-76.2329,-74.646,922.6074,182485897,2020-04-28 03:44:16.563,0,0,0,0,0,0,0,0,0,0
1361630,pilot02,-76.355,-74.4629,925.1709,182506423,2020-04-28 03:44:38.693,0,0,0,0,0,0,0,0,0,0
1361631,pilot02,-74.4019,-71.8384,927.7344,182528552,2020-04-28 03:44:58.360,0,0,0,0,0,0,0,0,0,0
1361632,pilot02,-76.6602,-71.4111,926.3306,182548234,2020-04-28 03:45:16.693,0,0,0,0,0,0,0,0,0,0
1361633,pilot02,-73.4253,-72.6318,925.4761,182566544,2020-04-28 03:45:34.787,0,0,0,0,0,0,0,0,0,0
1361634,pilot02,-76.6602,-70.1904,923.0347,182584638,2020-04-28 03:45:53.777,0,0,0,0,0,0,0,0,0,0
1361635,pilot02,-78.186,-59.9976,928.2837,182603636,2020-04-28 03:46:12.670,0,0,0,0,0,0,0,0,0,0
1361636,pilot02,-76.1108,-80.9937,921.3257,182622541,2020-04-28 03:46:30.813,0,0,0,0,0,0,0,0,0,0
1361637,pilot02,-69.0308,-79.1626,906.4941,182640649,2020-04-28 03:46:47.713,0,0,0,0,0,0,0,0,0,0
1361638,pilot02,-69.519,-80.3833,926.7578,182657565,2020-04-28 03:47:07.087,0,0,0,0,0,0,0,0,0,0
1361639,pilot02,-72.4487,-65.6738,933.4717,182676948,2020-04-28 03:47:26.933,0,0,0,0,0,0,0,0,0,0
1361640,pilot02,-73.3032,-69.8242,927.3682,182696795,2020-04-28 03:47:44.277,0,0,0,0,0,0,0,0,0,0
1361641,pilot02,-76.1719,-70.0073,929.0161,182714140,2020-04-28 03:48:03.270,0,0,0,0,0,0,0,0,0,0
1361642,pilot02,-75.1343,-71.3501,929.1382,182733119,2020-04-28 03:48:22.857,0,0,0,0,0,0,0,0,0,0
1361643,pilot02,-74.2798,-72.7539,923.7061,182752706,2020-04-28 03:48:39.877,0,0,0,0,0,0,0,0,0,0
1361644,pilot02,-74.3408,-70.0073,928.5278,182769722,2020-04-28 03:48:56.627,0,0,0,0,0,0,0,0,0,0
1361645,pilot02,-72.998,-70.0073,926.1475,182786478,2020-04-28 03:49:13.933,0,0,0,0,0,0,0,0,0,0
1361646,pilot02,-75.1953,-71.7163,925.415,182803789,2020-04-28 03:49:31.203,0,0,0,0,0,0,0,0,0,0
1361647,pilot02,-76.1719,-72.6929,927.9785,182821045,2020-04-28 03:49:48.203,0,0,0,0,0,0,0,0,0,0
1361648,pilot02,-72.1436,-69.9463,929.2603,182838047,2020-04-28 03:50:05.860,0,0,0,0,0,0,0,0,0,0
1361649,pilot02,-75.1343,-69.2749,929.9927,182855701,2020-04-28 03:50:23.057,0,0,0,0,0,0,0,0,0,0
1361650,pilot02,-78.7354,-73.4253,924.8047,182872896,2020-04-28 03:50:39.750,0,0,0,0,0,0,0,0,0,0
1361651,pilot02,-72.1436,-71.4111,930.481,182889588,2020-04-28 03:50:56.973,0,0,0,0,0,0,0,0,0,0
1361652,pilot02,-74.0967,-71.9604,929.8096,182906778,2020-04-28 03:51:13.847,0,0,0,0,0,0,0,0,0,0
1361653,pilot02,-73.9746,-72.8149,927.124,182923685,2020-04-28 03:51:31.283,0,0,0,0,0,0,0,0,0,0
1361654,pilot02,-73.6084,-72.7539,926.2695,182941125,2020-04-28 03:51:49.813,0,0,0,0,0,0,0,0,0,0
1361655,pilot02,-71.8994,-72.7539,931.2744,182959654,2020-04-28 03:52:08.677,0,0,0,0,0,0,0,0,0,0
1361656,pilot02,-73.1812,-69.9463,929.1992,182978512,2020-04-28 03:52:27.833,0,0,0,0,0,0,0,0,0,0
1361657,pilot02,-75.9277,-71.4111,929.0161,182997675,2020-04-28 03:52:44.783,0,0,0,0,0,0,0,0,0,0
1361658,pilot02,-73.1201,-72.4487,924.8657,183014621,2020-04-28 03:53:01.853,0,0,0,0,0,0,0,0,0,0
1361659,pilot02,-76.355,-73.6084,926.5137,183031682,2020-04-28 03:53:18.767,0,0,0,0,0,0,0,0,0,0
1361660,pilot02,-76.2939,-73.7305,923.9502,183048613,2020-04-28 03:53:35.800,0,0,0,0,0,0,0,0,0,0
1361661,pilot02,-73.3643,-67.627,934.8755,183065634,2020-04-28 03:53:55.127,0,0,0,0,0,0,0,0,0,0
1361662,pilot02,-69.5801,-64.3311,958.1909,183084957,2020-04-28 03:54:12.267,0,0,0,0,0,0,0,0,0,0
1361663,pilot02,-75.8667,-58.7769,940.3076,183102098,2020-04-28 03:54:29.750,0,0,0,0,0,0,0,0,0,0
1361664,pilot02,-73.2422,-61.7676,928.1616,183119583,2020-04-28 03:54:46.800,0,0,0,0,0,0,0,0,0,0
1361665,pilot02,-75.0122,-81.8481,912.5977,183136649,2020-04-28 03:55:03.983,0,0,0,0,0,0,0,0,0,0
1361666,pilot02,-75.1343,-71.7773,919.1284,183153815,2020-04-28 03:55:22.507,0,0,0,0,0,0,0,0,0,0
1361667,pilot02,-75.0732,-74.585,926.2085,183172344,2020-04-28 03:55:40.350,0,0,0,0,0,0,0,0,0,0
1361668,pilot02,-74.7681,-72.5098,929.8706,183190183,2020-04-28 03:55:59.783,0,0,0,0,0,0,0,0,0,0
1361669,pilot02,-73.1812,-72.0825,929.2603,183209601,2020-04-28 03:56:18.893,0,0,0,0,0,0,0,0,0,0
1361670,pilot02,-71.3501,-68.9697,930.7861,183228724,2020-04-28 03:56:36.357,0,0,0,0,0,0,0,0,0,0
1361671,pilot02,-72.4487,-71.7163,931.8237,183246184,2020-04-28 03:56:53.827,0,0,0,0,0,0,0,0,0,0
1361672,pilot02,-75.6836,-72.5098,926.3916,183263655,2020-04-28 03:57:12.870,0,0,0,0,0,0,0,0,0,0
1361673,pilot02,-74.646,-72.3877,925.9644,183282703,2020-04-28 03:57:32.053,0,0,0,0,0,0,0,0,0,0
1361674,pilot02,-74.0967,-69.6411,934.3262,183301881,2020-04-28 03:57:53.327,0,0,0,0,0,0,0,0,0,0
1361675,pilot02,-73.6084,-69.9463,929.6265,183323141,2020-04-28 03:58:12.460,0,0,0,0,0,0,0,0,0,0
1361676,pilot02,-73.9746,-70.5566,923.7061,183342289,2020-04-28 03:58:32.293,0,0,0,0,0,0,0,0,0,0
1361677,pilot02,-72.3267,-70.2515,931.2744,183362131,2020-04-28 03:58:52.370,0,0,0,0,0,0,0,0,0,0
1361678,pilot02,-71.4722,-70.3125,930.2368,183382197,2020-04-28 03:59:11.713,0,0,0,0,0,0,0,0,0,0
1361679,pilot02,-72.0825,-68.5425,933.8989,183401550,2020-04-28 03:59:31.487,0,0,0,0,0,0,0,0,0,0
1361680,pilot02,-76.1108,-73.9136,925.354,183421317,2020-04-28 03:59:50.520,0,0,0,0,0,0,0,0,0,0
1361681,pilot02,-76.1719,-73.6084,923.8281,183440330,2020-04-28 04:00:09.103,0,0,0,0,0,0,0,0,0,0
1361682,pilot02,-75.5005,-72.0215,926.6357,183458924,2020-04-28 04:00:26.747,0,0,0,0,0,0,0,0,0,0
1361683,pilot02,-73.1812,-71.4111,928.3447,183476574,2020-04-28 04:00:44.210,0,0,0,0,0,0,0,0,0,0
1361684,pilot02,-72.2656,-73.6694,926.4526,183494059,2020-04-28 04:01:05.880,0,0,0,0,0,0,0,0,0,0
1361685,pilot02,-75.4395,-74.1577,924.8657,183515724,2020-04-28 04:01:24.270,0,0,0,0,0,0,0,0,0,0
1361686,pilot02,-76.416,-58.0444,928.5278,183534098,2020-04-28 04:01:41.167,0,0,0,0,0,0,0,0,0,0
1361687,pilot02,-70.1904,-69.0308,931.2744,183550989,2020-04-28 04:02:00.107,0,0,0,0,0,0,0,0,0,0
1361688,pilot02,-77.3315,-74.4019,924.1943,183569932,2020-04-28 04:02:19.077,0,0,0,0,0,0,0,0,0,0
1361689,pilot02,-77.8198,-78.9185,910.4614,183588895,2020-04-28 04:02:35.770,0,0,0,0,0,0,0,0,0,0
1361690,pilot02,-93.811,-121.8262,925.415,183605587,2020-04-28 04:02:52.877,0,0,0,0,0,0,0,0,0,0
1361691,pilot02,-94.2383,-96.1914,748.9624,183622688,2020-04-28 04:03:09.857,0,0,0,0,0,0,0,0,0,0
1361692,pilot02,-72.3877,-91.0034,841.7358,183639679,2020-04-28 04:03:27.210,0,0,0,0,0,0,0,0,0,0
1361693,pilot02,-75.6226,-103.5156,874.0845,183657024,2020-04-28 04:03:45.703,0,0,0,0,0,0,0,0,0,0
1361694,pilot02,-51.8799,-113.4033,901.6113,183675523,2020-04-28 04:04:02.877,0,0,0,0,0,0,0,0,0,0
1361695,pilot02,-50.9033,-36.9873,947.2046,183692679,2020-04-28 04:04:20.210,0,0,0,0,0,0,0,0,0,0
1361696,pilot02,-102.0508,-70.0684,826.2329,183710019,2020-04-28 04:04:39.760,0,0,0,0,0,0,0,0,0,0
1361697,pilot02,-71.7773,-77.1484,906.189,183729571,2020-04-28 04:04:57.507,0,0,0,0,0,0,0,0,0,0
1361698,pilot02,-69.397,-73.9136,916.4429,183747321,2020-04-28 04:05:15.623,0,0,0,0,0,0,0,0,0,0
1361699,pilot02,-71.228,-59.9976,944.2749,183765430,2020-04-28 04:05:34.287,0,0,0,0,0,0,0,0,0,0
1361700,pilot02,-70.7397,-73.5474,920.4712,183784094,2020-04-28 04:05:51.483,0,0,0,0,0,0,0,0,0,0
1361701,pilot02,-65.6128,-70.8008,938.4155,183801284,2020-04-28 04:06:08.973,0,0,0,0,0,0,0,0,0,0
1361702,pilot02,-35.7666,-57.6782,857.3608,183818769,2020-04-28 04:06:28.293,0,0,0,0,0,0,0,0,0,0
1361703,pilot02,-57.1899,-29.3579,929.3823,183838102,2020-04-28 04:06:46.077,0,0,0,0,0,0,0,0,0,0
1361704,pilot02,-69.458,-90.271,885.5591,183855891,2020-04-28 04:07:03.597,0,0,0,0,0,0,0,0,0,0
1361705,pilot02,-33.0811,-69.0918,862.3657,183873406,2020-04-28 04:07:21.033,0,0,0,0,0,0,0,0,0,0
1361706,pilot02,-69.1528,-111.3892,934.2041,183890836,2020-04-28 04:07:37.977,0,0,0,0,0,0,0,0,0,0
1361707,pilot02,-59.3262,-30.1514,929.8096,183907787,2020-04-28 04:07:55.867,0,0,0,0,0,0,0,0,0,0
1361708,pilot02,-99.4873,-52.2461,831.1768,183925652,2020-04-28 04:08:13.587,0,0,0,0,0,0,0,0,0,0
1361709,pilot02,-46.1426,-57.6172,962.9517,183943381,2020-04-28 04:08:30.543,0,0,0,0,0,0,0,0,0,0
1361710,pilot02,-25.1465,-35.9497,923.2178,183960442,2020-04-28 04:08:49.420,0,0,0,0,0,0,0,0,0,0
1361711,pilot02,-80.3223,-66.04,1001.0986,183979220,2020-04-28 04:09:06.960,0,0,0,0,0,0,0,0,0,0
1361712,pilot02,-73.7915,-54.9316,862.6099,183996525,2020-04-28 04:09:27.027,0,0,0,0,0,0,0,0,0,0
1361713,pilot02,-65.7349,-53.6499,893.9209,184016830,2020-04-28 04:09:44.957,0,0,0,0,0,0,0,0,0,0
1361714,pilot02,-27.3438,-47.9126,1007.9346,184034744,2020-04-28 04:10:04.493,0,0,0,0,0,0,0,0,0,0
1361715,pilot02,-78.6133,-88.0127,791.1377,184054301,2020-04-28 04:10:24.593,0,0,0,0,0,0,0,0,0,0
1361716,pilot02,-61.7065,-110.1074,976.8677,184074382,2020-04-28 04:10:42.640,0,0,0,0,0,0,0,0,0,0
1361717,pilot02,-68.2373,-25.8789,908.0811,184092446,2020-04-28 04:11:02.657,0,0,0,0,0,0,0,0,0,0
1361718,pilot02,-80.9937,-60.1196,916.9922,184112462,2020-04-28 04:11:20.373,0,0,0,0,0,0,0,0,0,0
1361719,pilot02,-56.8237,-64.27,796.5088,184130166,2020-04-28 04:11:43.067,0,0,0,0,0,0,0,0,0,0
1361720,pilot02,-65.5518,-45.5933,932.0679,184152848,2020-04-28 04:12:01.323,0,0,0,0,0,0,0,0,0,0
1361721,pilot02,-63.7207,-46.0205,931.0303,184171127,2020-04-28 04:12:21.200,0,0,0,0,0,0,0,0,0,0
1361722,pilot02,-56.9458,-57.4951,970.7642,184191003,2020-04-28 04:12:39.950,0,0,0,0,0,0,0,0,0,0
1361723,pilot02,-57.1899,-50.8423,928.9551,184209746,2020-04-28 04:12:59.587,0,0,0,0,0,0,0,0,0,0
1361724,pilot02,-64.8193,-46.2036,954.5288,184229382,2020-04-28 04:13:19.163,0,0,0,0,0,0,0,0,0,0
1361725,pilot02,-34.79,-44.2505,862.4878,184248974,2020-04-28 04:13:35.850,0,0,0,0,0,0,0,0,0,0
1361726,pilot02,-57.4341,-69.8242,919.6777,184265649,2020-04-28 04:13:54.607,0,0,0,0,0,0,0,0,0,0
1361727,pilot02,-73.2422,-32.2266,919.7998,184284397,2020-04-28 04:14:11.727,0,0,0,0,0,0,0,0,0,0
1361728,pilot02,-84.9609,-57.373,830.5664,184301517,2020-04-28 04:14:29.243,0,0,0,0,0,0,0,0,0,0
1361729,pilot02,-53.4058,-58.7769,882.9346,184319027,2020-04-28 04:14:45.963,0,0,0,0,0,0,0,0,0,0
1361730,pilot02,-27.4048,-53.2837,937.7441,184335758,2020-04-28 04:15:03.353,0,0,0,0,0,0,0,0,0,0
1361731,pilot02,-81.3599,-80.8105,960.7544,184353138,2020-04-28 04:15:20.503,0,0,0,0,0,0,0,0,0,0
1361732,pilot02,-62.6221,-39.4287,1031.25,184370293,2020-04-28 04:15:37.817,0,0,0,0,0,0,0,0,0,0
1361733,pilot02,-87.4023,-51.6968,957.0313,184387583,2020-04-28 04:15:55.583,0,0,0,0,0,0,0,0,0,0
1361734,pilot02,-67.9932,-80.2002,1002.8687,184405367,2020-04-28 04:16:14.640,0,0,0,0,0,0,0,0,0,0
1361735,pilot02,-43.457,-76.5381,941.04,184424170,2020-04-28 04:16:31.670,0,0,0,0,0,0,0,0,0,0
1361736,pilot02,-31.0059,-39.6729,1010.9863,184441450,2020-04-28 04:16:48.767,0,0,0,0,0,0,0,0,0,0
1361737,pilot02,-48.8892,-48.0347,981.0791,184458555,2020-04-28 04:17:05.723,0,0,0,0,0,0,0,0,0,0
1361738,pilot02,-60.3638,-77.3315,932.5562,184475496,2020-04-28 04:17:24.647,0,0,0,0,0,0,0,0,0,0
1361739,pilot02,-74.9512,-74.8291,952.2705,184494424,2020-04-28 04:17:42.127,0,0,0,0,0,0,0,0,0,0
1361740,pilot02,-50.8423,-50.7812,966.6138,184511903,2020-04-28 04:17:59.357,0,0,0,0,0,0,0,0,0,0
1361741,pilot02,-37.7197,-54.5654,980.1636,184529148,2020-04-28 04:18:18.390,0,0,0,0,0,0,0,0,0,0
1361742,pilot02,-21.9116,-54.1382,982.605,184548176,2020-04-28 04:18:35.673,0,0,0,0,0,0,0,0,0,0
1361743,pilot02,-30.3345,-31.1279,1077.0264,184565461,2020-04-28 04:18:53.050,0,0,0,0,0,0,0,0,0,0
1361744,pilot02,-52.4292,-93.9331,998.9014,184582831,2020-04-28 04:19:11.787,0,0,0,0,0,0,0,0,0,0
1361745,pilot02,-58.4717,-48.1567,930.7861,184601564,2020-04-28 04:19:30.077,0,0,0,0,0,0,0,0,0,0
1361746,pilot02,-67.5659,-67.8101,952.1484,184619857,2020-04-28 04:19:47.087,0,0,0,0,0,0,0,0,0,0
1361747,pilot02,-64.1479,-61.4014,958.8623,184636873,2020-04-28 04:20:03.943,0,0,0,0,0,0,0,0,0,0
1361748,pilot02,-66.2842,-71.8994,916.687,184653724,2020-04-28 04:20:21.623,0,0,0,0,0,0,0,0,0,0
1361749,pilot02,-139.5874,37.1094,798.2178,184671388,2020-04-28 04:20:38.550,0,0,0,0,0,0,0,0,0,0
1361750,pilot02,-87.2803,-76.2329,838.3179,184688329,2020-04-28 04:20:55.503,0,0,0,0,0,0,0,0,0,0
1361751,pilot02,-81.7871,-88.501,893.9209,184705275,2020-04-28 04:21:12.217,0,0,0,0,0,0,0,0,0,0
1361752,pilot02,-96.3745,-89.3555,939.6973,184721996,2020-04-28 04:21:29.357,0,0,0,0,0,0,0,0,0,0
1361753,pilot02,-90.8203,-102.356,974.1821,184739126,2020-04-28 04:21:46.550,0,0,0,0,0,0,0,0,0,0
1361754,pilot02,-55.2979,-90.1489,847.229,184756321,2020-04-28 04:22:03.610,0,0,0,0,0,0,0,0,0,0
1361755,pilot02,-32.5317,-61.8286,1000.5493,184773372,2020-04-28 04:22:20.500,0,0,0,0,0,0,0,0,0,0
1361756,pilot02,-63.1714,-94.2993,842.041,184790273,2020-04-28 04:22:38.687,0,0,0,0,0,0,0,0,0,0
1361757,pilot02,-57.1289,-45.0439,1116.8213,184808452,2020-04-28 04:22:55.673,0,0,0,0,0,0,0,0,0,0
1361758,pilot02,-91.0034,-67.5659,849.1821,184825443,2020-04-28 04:23:13.050,0,0,0,0,0,0,0,0,0,0
1361759,pilot02,-87.8296,-68.0542,977.9053,184842818,2020-04-28 04:23:30.357,0,0,0,0,0,0,0,0,0,0
1361760,pilot02,-79.895,-73.9136,842.5903,184860123,2020-04-28 04:23:48.237,0,0,0,0,0,0,0,0,0,0
1361761,pilot02,-57.1899,-72.1436,909.0576,184878002,2020-04-28 04:24:06.243,0,0,0,0,0,0,0,0,0,0
1361762,pilot02,-55.4199,-34.1187,1011.4136,184896012,2020-04-28 04:24:24.337,0,0,0,0,0,0,0,0,0,0
1361763,pilot02,-65.3076,-76.416,1018.9209,184914111,2020-04-28 04:24:44.617,0,0,0,0,0,0,0,0,0,0
1361764,pilot02,-83.5571,-70.5566,878.418,184934392,2020-04-28 04:25:04.160,0,0,0,0,0,0,0,0,0,0
1361765,pilot02,-95.2759,-82.6416,952.2705,184953934,2020-04-28 04:25:21.923,0,0,0,0,0,0,0,0,0,0
1361766,pilot02,-66.9556,-44.7998,968.9941,184971673,2020-04-28 04:25:39.893,0,0,0,0,0,0,0,0,0,0
1361767,pilot02,-77.6367,-35.2173,984.436,184989663,2020-04-28 04:25:59.693,0,0,0,0,0,0,0,0,0,0
1361768,pilot02,-64.1479,-52.8564,996.6431,185009454,2020-04-28 04:26:18.960,0,0,0,0,0,0,0,0,0,0
1361769,pilot02,-73.6084,-54.1992,956.2378,185028727,2020-04-28 04:26:38.133,0,0,0,0,0,0,0,0,0,0
1361770,pilot02,-70.6177,-70.5566,911.3159,185047894,2020-04-28 04:26:58.397,0,0,0,0,0,0,0,0,0,0
1361771,pilot02,-67.1387,-52.6733,961.1206,185068165,2020-04-28 04:27:18.617,0,0,0,0,0,0,0,0,0,0
1361772,pilot02,-75.0122,-72.6929,923.3398,185088387,2020-04-28 04:27:39.430,0,0,0,0,0,0,0,0,0,0
1361773,pilot02,-85.3271,-92.041,962.6465,185109187,2020-04-28 04:27:58.453,0,0,0,0,0,0,0,0,0,0
1361774,pilot02,-77.6978,-94.5435,1003.3569,185128215,2020-04-28 04:28:15.183,0,0,0,0,0,0,0,0,0,0
1361775,pilot02,-45.7764,-51.2085,1034.1187,185144946,2020-04-28 04:28:32.170,0,0,0,0,0,0,0,0,0,0
1361776,pilot02,-87.9517,-94.6045,897.4609,185161932,2020-04-28 04:28:49.483,0,0,0,0,0,0,0,0,0,0
1361777,pilot02,-85.3882,-85.8765,926.1475,185179252,2020-04-28 04:29:06.463,0,0,0,0,0,0,0,0,0,0
1361778,pilot02,-50.4761,-34.8511,923.7671,185196218,2020-04-28 04:29:23.917,0,0,0,0,0,0,0,0,0,0
1361779,pilot02,-63.6597,-20.752,1029.1138,185213678,2020-04-28 04:29:40.990,0,0,0,0,0,0,0,0,0,0
1361780,pilot02,-101.6846,-77.4536,919.5557,185230749,2020-04-28 04:29:59.803,0,0,0,0,0,0,0,0,0,0
1361781,pilot02,-82.7637,-90.8813,930.6641,185249572,2020-04-28 04:30:17.390,0,0,0,0,0,0,0,0,0,0
1361782,pilot02,-56.8848,-58.0444,957.8247,185267137,2020-04-28 04:30:35.093,0,0,0,0,0,0,0,0,0,0
1361783,pilot02,-106.6284,-91.6138,917.4805,185284842,2020-04-28 04:30:51.760,0,0,0,0,0,0,0,0,0,0
1361784,pilot02,-79.895,-78.4912,887.8784,185301508,2020-04-28 04:31:08.703,0,0,0,0,0,0,0,0,0,0
1361785,pilot02,-81.4209,-53.1006,967.8345,185318459,2020-04-28 04:31:26.190,0,0,0,0,0,0,0,0,0,0
1361786,pilot02,-67.5049,-40.3442,908.7524,185335939,2020-04-28 04:31:43.017,0,0,0,0,0,0,0,0,0,0
1361787,pilot02,-69.1528,-61.5234,963.501,185352765,2020-04-28 04:32:00.040,0,0,0,0,0,0,0,0,0,0
1361788,pilot02,-65.3687,-88.7451,882.019,185369801,2020-04-28 04:32:18.893,0,0,0,0,0,0,0,0,0,0
1361789,pilot02,-58.4106,-77.3926,1011.9019,185388649,2020-04-28 04:32:35.833,0,0,0,0,0,0,0,0,0,0
1361790,pilot02,-66.1621,-87.9517,939.27,185405585,2020-04-28 04:32:52.910,0,0,0,0,0,0,0,0,0,0
1361791,pilot02,-28.4424,-57.0068,938.3545,185422661,2020-04-28 04:33:11.813,0,0,0,0,0,0,0,0,0,0
1361792,pilot02,-65.7959,-69.458,892.5781,185441564,2020-04-28 04:33:28.907,0,0,0,0,0,0,0,0,0,0
1361793,pilot02,-71.5332,-64.7583,952.5146,185458635,2020-04-28 04:33:45.990,0,0,0,0,0,0,0,0,0,0
1361794,pilot02,-72.6318,-74.4019,905.2734,185475740,2020-04-28 04:34:03.133,0,0,0,0,0,0,0,0,0,0
1361795,pilot02,-71.106,-72.3877,938.2324,185492871,2020-04-28 04:34:21.227,0,0,0,0,0,0,0,0,0,0
1361796,pilot02,-74.2798,-58.2275,942.0166,185510985,2020-04-28 04:34:41.343,0,0,0,0,0,0,0,0,0,0
1361797,pilot02,-41.0767,-32.8369,901.9775,185531092,2020-04-28 04:34:58.223,0,0,0,0,0,0,0,0,0,0
1361798,pilot02,-63.2324,-43.5181,978.5156,185547958,2020-04-28 04:35:15.013,0,0,0,0,0,0,0,0,0,0
1361799,pilot02,-54.7485,-55.542,839.8438,185564759,2020-04-28 04:35:34.910,0,0,0,0,0,0,0,0,0,0
1361800,pilot02,-86.3037,-64.6362,868.9575,185584646,2020-04-28 04:35:53.777,0,0,0,0,0,0,0,0,0,0
1361801,pilot02,-75.5615,-101.1963,846.3745,185603519,2020-04-28 04:36:13.923,0,0,0,0,0,0,0,0,0,0
1361802,pilot02,-99.2432,-72.2046,843.9941,185623660,2020-04-28 04:36:31.470,0,0,0,0,0,0,0,0,0,0
1361803,pilot02,-38.0859,-36.438,1000.6104,185641215,2020-04-28 04:36:51.040,0,0,0,0,0,0,0,0,0,0
1361804,pilot02,-81.1157,-78.5522,853.3325,185660783,2020-04-28 04:37:09.977,0,0,0,0,0,0,0,0,0,0
1361805,pilot02,-73.2422,-53.6499,1087.8906,185679716,2020-04-28 04:37:27.813,0,0,0,0,0,0,0,0,0,0
1361806,pilot02,-49.9878,-66.1011,965.6982,185697541,2020-04-28 04:37:45.757,0,0,0,0,0,0,0,0,0,0
1361807,pilot02,-70.1904,-40.4053,946.0449,185715500,2020-04-28 04:38:03.217,0,0,0,0,0,0,0,0,0,0
1361808,pilot02,-46.7529,-58.2886,997.1924,185732961,2020-04-28 04:38:21.370,0,0,0,0,0,0,0,0,0,0
1361809,pilot02,-64.1479,-47.6074,996.7041,185751100,2020-04-28 04:38:39.353,0,0,0,0,0,0,0,0,0,0
1361810,pilot02,-75.9277,-82.6416,810.791,185769095,2020-04-28 04:38:59.020,0,0,0,0,0,0,0,0,0,0
1361811,pilot02,-82.0312,-93.3838,991.2109,185788767,2020-04-28 04:39:16.150,0,0,0,0,0,0,0,0,0,0
1361812,pilot02,-102.8442,-98.1445,880.7983,185805842,2020-04-28 04:39:34.477,0,0,0,0,0,0,0,0,0,0
1361813,pilot02,-100.9521,-71.7773,959.6558,185824226,2020-04-28 04:39:54.423,0,0,0,0,0,0,0,0,0,0
1361814,pilot02,-98.2666,-80.9937,894.104,185844133,2020-04-28 04:40:14.360,0,0,0,0,0,0,0,0,0,0
1361815,pilot02,-65.1855,-72.876,954.834,185864100,2020-04-28 04:40:35.750,0,0,0,0,0,0,0,0,0,0
1361816,pilot02,-76.4771,-74.2187,929.9927,185885485,2020-04-28 04:40:58.970,0,0,0,0,0,0,0,0,0,0
1361817,pilot02,-78.6133,-80.3223,937.1338,185908702,2020-04-28 04:41:17.283,0,0,0,0,0,0,0,0,0,0
1361818,pilot02,-68.9697,-73.4253,920.5322,185927006,2020-04-28 04:41:35.170,0,0,0,0,0,0,0,0,0,0
1361819,pilot02,-70.4956,-61.2183,950.1343,185944900,2020-04-28 04:41:55.087,0,0,0,0,0,0,0,0,0,0
1361820,pilot02,-75.1343,-72.998,877.3804,185964807,2020-04-28 04:42:12.450,0,0,0,0,0,0,0,0,0,0
1361821,pilot02,-37.2925,-60.2417,912.8418,185982182,2020-04-28 04:42:29.563,0,0,0,0,0,0,0,0,0,0
1361822,pilot02,-54.1992,-37.0483,961.792,185999293,2020-04-28 04:42:46.900,0,0,0,0,0,0,0,0,0,0
1361823,pilot02,-71.6553,-52.5513,986.2061,186016619,2020-04-28 04:43:05.813,0,0,0,0,0,0,0,0,0,0
1361824,pilot02,-39.917,-61.7676,967.4072,186035547,2020-04-28 04:43:23.513,0,0,0,0,0,0,0,0,0,0
1361825,pilot02,-93.0176,-94.3604,766.5405,186053227,2020-04-28 04:43:41.370,0,0,0,0,0,0,0,0,0,0
1361826,pilot02,-79.1016,-87.5244,984.6191,186071097,2020-04-28 04:43:59.563,0,0,0,0,0,0,0,0,0,0
1361827,pilot02,-86.792,-75.6836,969.3604,186089281,2020-04-28 04:44:17.230,0,0,0,0,0,0,0,0,0,0
1361828,pilot02,-79.7729,-90.5151,893.7378,186106946,2020-04-28 04:44:34.240,0,0,0,0,0,0,0,0,0,0
1361829,pilot02,-66.8945,-66.5283,989.9292,186123947,2020-04-28 04:44:53.177,0,0,0,0,0,0,0,0,0,0
1361830,pilot02,-95.3979,-83.313,792.6636,186142905,2020-04-28 04:45:10.697,0,0,0,0,0,0,0,0,0,0
1361831,pilot02,-60.2417,-74.646,929.8706,186160416,2020-04-28 04:45:30.283,0,0,0,0,0,0,0,0,0,0
1361832,pilot02,-80.9326,-85.8154,888.6108,186179983,2020-04-28 04:45:47.300,0,0,0,0,0,0,0,0,0,0
1361833,pilot02,-92.2241,-95.3979,973.4497,186197024,2020-04-28 04:46:06.197,0,0,0,0,0,0,0,0,0,0
1361834,pilot02,-61.4624,-72.998,840.5762,186215912,2020-04-28 04:46:23.393,0,0,0,0,0,0,0,0,0,0
1361835,pilot02,-65.979,-54.9927,930.8472,186233108,2020-04-28 04:46:40.990,0,0,0,0,0,0,0,0,0,0
1361836,pilot02,-70.9839,-80.3223,830.3223,186250703,2020-04-28 04:46:57.790,0,0,0,0,0,0,0,0,0,0
1361837,pilot02,-65.0635,-37.2314,955.0171,186267504,2020-04-28 04:47:14.890,0,0,0,0,0,0,0,0,0,0
1361838,pilot02,-55.0537,-56.1523,1050.6592,186284605,2020-04-28 04:47:31.847,0,0,0,0,0,0,0,0,0,0
1361839,pilot02,-54.0771,-94.7266,937.5,186301566,2020-04-28 04:47:48.793,0,0,0,0,0,0,0,0,0,0
1361840,pilot02,-63.8428,-75.7446,932.7393,186318502,2020-04-28 04:48:06.010,0,0,0,0,0,0,0,0,0,0
1361841,pilot02,-74.0356,-79.1626,906.0669,186335723,2020-04-28 04:48:23.297,0,0,0,0,0,0,0,0,0,0
1361842,pilot02,-73.5474,-74.9512,920.166,186353008,2020-04-28 04:48:40.813,0,0,0,0,0,0,0,0,0,0
1361843,pilot02,-66.7725,-57.312,953.125,186370533,2020-04-28 04:48:57.653,0,0,0,0,0,0,0,0,0,0
1361844,pilot02,-66.8945,-79.9561,934.3872,186387375,2020-04-28 04:49:15.487,0,0,0,0,0,0,0,0,0,0
1361845,pilot02,-52.1851,-77.1484,907.4097,186405204,2020-04-28 04:49:33.437,0,0,0,0,0,0,0,0,0,0
1361846,pilot02,-47.7905,-62.0728,931.8848,186423129,2020-04-28 04:49:51.377,0,0,0,0,0,0,0,0,0,0
1361847,pilot02,-70.3125,-82.7026,928.1006,186441084,2020-04-28 04:50:10.073,0,0,0,0,0,0,0,0,0,0
1361848,pilot02,-54.1992,-80.9326,965.1489,186459789,2020-04-28 04:50:26.953,0,0,0,0,0,0,0,0,0,0
1361849,pilot02,-37.0483,-46.1426,926.1475,186476669,2020-04-28 04:50:43.827,0,0,0,0,0,0,0,0,0,0
1361850,pilot02,-101.5625,-91.7358,952.1484,186493545,2020-04-28 04:51:00.907,0,0,0,0,0,0,0,0,0,0
1361851,pilot02,-50.8423,-47.1802,950.3174,186510616,2020-04-28 04:51:18.473,0,0,0,0,0,0,0,0,0,0
1361852,pilot02,-86.853,-54.7485,972.7173,186528181,2020-04-28 04:51:35.373,0,0,0,0,0,0,0,0,0,0
1361853,pilot02,-75.0122,-89.3555,902.5269,186545077,2020-04-28 04:51:52.933,0,0,0,0,0,0,0,0,0,0
1361854,pilot02,-106.8726,-87.2192,881.958,186562638,2020-04-28 04:52:10.733,0,0,0,0,0,0,0,0,0,0
1361855,pilot02,-42.8467,-37.5366,967.1631,186580447,2020-04-28 04:52:29.533,0,0,0,0,0,0,0,0,0,0
1361856,pilot02,-53.1616,-61.9507,1038.8184,186599231,2020-04-28 04:52:47.403,0,0,0,0,0,0,0,0,0,0
1361857,pilot02,-86.6699,-73.1812,929.3213,186617106,2020-04-28 04:53:06.200,0,0,0,0,0,0,0,0,0,0
1361858,pilot02,-55.2979,-60.5469,895.4468,186635894,2020-04-28 04:53:24.040,0,0,0,0,0,0,0,0,0,0
1361859,pilot02,-89.4165,-119.3237,842.1021,186653714,2020-04-28 04:53:42.243,0,0,0,0,0,0,0,0,0,0
1361860,pilot02,-96.0083,-94.3604,827.3926,186671939,2020-04-28 04:54:02.203,0,0,0,0,0,0,0,0,0,0
1361861,pilot02,-94.3604,-99.3652,823.7305,186691895,2020-04-28 04:54:22.043,0,0,0,0,0,0,0,0,0,0
1361862,pilot02,-68.7256,-21.0571,1044.0674,186711742,2020-04-28 04:54:43.667,0,0,0,0,0,0,0,0,0,0
1361863,pilot02,-68.7866,-61.0352,941.5283,186733442,2020-04-28 04:55:04.193,0,0,0,0,0,0,0,0,0,0
1361864,pilot02,-74.8291,-69.519,945.5566,186753888,2020-04-28 04:55:22.957,0,0,0,0,0,0,0,0,0,0
1361865,pilot02,-74.0356,-69.8242,928.6499,186772646,2020-04-28 04:55:42.067,0,0,0,0,0,0,0,0,0,0
1361866,pilot02,-75.0732,-81.7871,930.7251,186791764,2020-04-28 04:56:01.327,0,0,0,0,0,0,0,0,0,0
1361867,pilot02,-71.5332,-74.8901,918.5181,186811022,2020-04-28 04:56:18.700,0,0,0,0,0,0,0,0,0,0
1361868,pilot02,-53.3447,-61.9507,964.7217,186828393,2020-04-28 04:56:35.957,0,0,0,0,0,0,0,0,0,0
1361869,pilot02,-83.8623,-50.5981,947.0215,186845648,2020-04-28 04:56:53.907,0,0,0,0,0,0,0,0,0,0
1361870,pilot02,-71.9604,-38.3911,1033.9966,186863603,2020-04-28 04:57:10.620,0,0,0,0,0,0,0,0,0,0
1361871,pilot02,-65.1245,-100.0366,865.4785,186880314,2020-04-28 04:57:27.727,0,0,0,0,0,0,0,0,0,0
1361872,pilot02,-65.979,-65.4297,997.3755,186897400,2020-04-28 04:57:44.810,0,0,0,0,0,0,0,0,0,0
1361873,pilot02,-97.5342,-115.1733,936.2793,186914496,2020-04-28 04:58:02.587,0,0,0,0,0,0,0,0,0,0
1361874,pilot02,-92.3462,-93.4448,874.3896,186932276,2020-04-28 04:58:22.053,0,0,0,0,0,0,0,0,0,0
1361875,pilot02,-100.5249,-62.1338,849.3042,186951749,2020-04-28 04:58:39.233,0,0,0,0,0,0,0,0,0,0
1361876,pilot02,-101.6846,-60.6689,846.7407,186968915,2020-04-28 04:58:55.823,0,0,0,0,0,0,0,0,0,0
1361877,pilot02,-99.9756,-96.0083,955.5054,186985506,2020-04-28 04:59:14.620,0,0,0,0,0,0,0,0,0,0
1361878,pilot02,-65.4907,-79.2236,883.4229,187004310,2020-04-28 04:59:31.350,0,0,0,0,0,0,0,0,0,0
1361879,pilot02,-47.4243,-44.6167,1048.5229,187021016,2020-04-28 04:59:48.740,0,0,0,0,0,0,0,0,0,0
1361880,pilot02,-88.0127,-73.9746,918.2129,187038422,2020-04-28 05:00:05.843,0,0,0,0,0,0,0,0,0,0
1361881,pilot02,-87.8906,-91.1865,993.2861,187055523,2020-04-28 05:00:22.823,0,0,0,0,0,0,0,0,0,0
1361882,pilot02,-103.5156,-87.6465,926.6357,187072514,2020-04-28 05:00:39.470,0,0,0,0,0,0,0,0,0,0
1361883,pilot02,-112.1216,-88.501,893.1885,187089161,2020-04-28 05:00:56.620,0,0,0,0,0,0,0,0,0,0
1361884,pilot02,-101.3794,-101.8677,851.3184,187106296,2020-04-28 05:01:15.547,0,0,0,0,0,0,0,0,0,0
1361885,pilot02,-67.3828,-57.312,987.1216,187125224,2020-04-28 05:01:32.943,0,0,0,0,0,0,0,0,0,0
1361886,pilot02,-54.1992,-68.2373,1044.3115,187142605,2020-04-28 05:01:51.633,0,0,0,0,0,0,0,0,0,0
1361887,pilot02,-88.0127,-79.2236,952.5757,187161318,2020-04-28 05:02:09.007,0,0,0,0,0,0,0,0,0,0
1361888,pilot02,-82.2754,-67.0166,915.5884,187178694,2020-04-28 05:02:27.780,0,0,0,0,0,0,0,0,0,0
1361889,pilot02,-71.7773,-63.9648,924.4385,187197458,2020-04-28 05:02:44.847,0,0,0,0,0,0,0,0,0,0
1361890,pilot02,-75.3784,-75.8057,935.4248,187214523,2020-04-28 05:03:01.800,0,0,0,0,0,0,0,0,0,0
1361891,pilot02,-71.228,-67.3828,939.1479,187231489,2020-04-28 05:03:18.540,0,0,0,0,0,0,0,0,0,0
1361892,pilot02,-76.8433,-78.6133,932.8003,187248216,2020-04-28 05:03:35.473,0,0,0,0,0,0,0,0,0,0
1361893,pilot02,-68.1763,-46.3867,1003.6621,187265162,2020-04-28 05:03:52.380,0,0,0,0,0,0,0,0,0,0
1361894,pilot02,-65.0635,-32.5317,972.9004,187282058,2020-04-28 05:04:09.447,0,0,0,0,0,0,0,0,0,0
1361895,pilot02,-92.6514,-67.8711,914.0625,187299114,2020-04-28 05:04:27.247,0,0,0,0,0,0,0,0,0,0
1361896,pilot02,-66.5283,-68.0542,910.0342,187316919,2020-04-28 05:04:44.717,0,0,0,0,0,0,0,0,0,0
1361897,pilot02,-71.4111,-93.9941,886.9019,187334380,2020-04-28 05:05:01.533,0,0,0,0,0,0,0,0,0,0
1361898,pilot02,-65.2466,-51.0864,896.5454,187351216,2020-04-28 05:05:20.087,0,0,0,0,0,0,0,0,0,0
1361899,pilot02,-103.6987,-103.4546,848.1445,187369765,2020-04-28 05:05:38.233,0,0,0,0,0,0,0,0,0,0
1361900,pilot02,-57.6172,-60.3638,892.1509,187387889,2020-04-28 05:05:55.600,0,0,0,0,0,0,0,0,0,0
1361901,pilot02,-69.397,-60.8521,922.9126,187405280,2020-04-28 05:06:15.207,0,0,0,0,0,0,0,0,0,0
1361902,pilot02,-103.1494,-84.9609,807.9224,187424882,2020-04-28 05:06:33.930,0,0,0,0,0,0,0,0,0,0
1361903,pilot02,-54.9316,-89.2334,952.4536,187443606,2020-04-28 05:06:51.417,0,0,0,0,0,0,0,0,0,0
1361904,pilot02,-36.6211,-49.2554,990.9058,187461087,2020-04-28 05:07:11.110,0,0,0,0,0,0,0,0,0,0
1361905,pilot02,-70.5566,-70.0684,879.5776,187480754,2020-04-28 05:07:31.160,0,0,0,0,0,0,0,0,0,0
1361906,pilot02,-66.4673,-73.9746,930.603,187500831,2020-04-28 05:07:50.803,0,0,0,0,0,0,0,0,0,0
1361907,pilot02,-93.1396,-101.3794,862.1826,187520473,2020-04-28 05:08:10.453,0,0,0,0,0,0,0,0,0,0
1361908,pilot02,-46.1426,-58.0444,845.7642,187540145,2020-04-28 05:08:36.070,0,0,0,0,0,0,0,0,0,0
1361909,pilot02,-101.2573,-104.8584,854.4922,187565744,2020-04-28 05:08:55.827,0,0,0,0,0,0,0,0,0,0
1361910,pilot02,-94.0552,-92.3462,887.5732,187585556,2020-04-28 05:09:18.093,0,0,0,0,0,0,0,0,0,0
1361911,pilot02,-65.0024,-63.1714,913.269,187607775,2020-04-28 05:09:36.747,0,0,0,0,0,0,0,0,0,0
1361912,pilot02,-73.6694,-70.9229,945.0073,187626409,2020-04-28 05:09:54.687,0,0,0,0,0,0,0,0,0,0
1361913,pilot02,-75.6836,-63.1714,912.0483,187644359,2020-04-28 05:10:13.777,0,0,0,0,0,0,0,0,0,0
1361914,pilot02,-69.0308,-72.5708,937.1948,187663442,2020-04-28 05:10:32.160,0,0,0,0,0,0,0,0,0,0
1361915,pilot02,-88.1348,-40.9546,1014.2212,187681826,2020-04-28 05:10:51.170,0,0,0,0,0,0,0,0,0,0
1361916,pilot02,-79.0405,-86.9751,814.9414,187700829,2020-04-28 05:11:08.127,0,0,0,0,0,0,0,0,0,0
1361917,pilot02,-73.4253,-75.6226,947.0825,187717795,2020-04-28 05:11:25.113,0,0,0,0,0,0,0,0,0,0
1361918,pilot02,-71.7163,-110.5957,876.1597,187734766,2020-04-28 05:11:42.157,0,0,0,0,0,0,0,0,0,0
1361919,pilot02,-60.791,-64.9414,1127.1362,187751822,2020-04-28 05:11:59.060,0,0,0,0,0,0,0,0,0,0
1361920,pilot02,-91.6138,-60.6079,955.0171,187768718,2020-04-28 05:12:17.977,0,0,0,0,0,0,0,0,0,0
1361921,pilot02,-80.6274,-46.3867,926.4526,187787642,2020-04-28 05:12:36.333,0,0,0,0,0,0,0,0,0,0
1361922,pilot02,-103.6987,-78.6133,897.9492,187806021,2020-04-28 05:12:57.573,0,0,0,0,0,0,0,0,0,0
1361923,pilot02,-85.144,-69.8853,998.4741,187827236,2020-04-28 05:13:16.223,0,0,0,0,0,0,0,0,0,0
1361924,pilot02,-51.4526,-53.833,1064.6362,187845885,2020-04-28 05:13:35.200,0,0,0,0,0,0,0,0,0,0
1361925,pilot02,-85.9985,-84.3506,1034.4238,187864853,2020-04-28 05:13:52.640,0,0,0,0,0,0,0,0,0,0
1361926,pilot02,-89.5996,-61.2183,1016.7847,187882299,2020-04-28 05:14:09.283,0,0,0,0,0,0,0,0,0,0
1361927,pilot02,-100.708,-67.0166,958.4351,187898935,2020-04-28 05:14:27.937,0,0,0,0,0,0,0,0,0,0
1361928,pilot02,-52.4292,-47.1802,1027.5269,187917584,2020-04-28 05:14:46.630,0,0,0,0,0,0,0,0,0,0
1361929,pilot02,-84.9609,-92.5293,996.8872,187936283,2020-04-28 05:15:04.240,0,0,0,0,0,0,0,0,0,0
1361930,pilot02,-58.6548,-58.2275,915.2222,187953893,2020-04-28 05:15:21.367,0,0,0,0,0,0,0,0,0,0
1361931,pilot02,-79.5898,-111.6333,902.8931,187971024,2020-04-28 05:15:39.857,0,0,0,0,0,0,0,0,0,0
1361932,pilot02,-50.1099,-58.7158,1012.085,187989510,2020-04-28 05:15:56.870,0,0,0,0,0,0,0,0,0,0
1361933,pilot02,-50.5371,-46.5088,990.2344,188006519,2020-04-28 05:16:14.980,0,0,0,0,0,0,0,0,0,0
1361934,pilot02,-74.4629,-69.9463,949.4019,188024638,2020-04-28 05:16:31.983,0,0,0,0,0,0,0,0,0,0
1361935,pilot02,-73.4863,-78.3081,923.1567,188041629,2020-04-28 05:16:48.793,0,0,0,0,0,0,0,0,0,0
1361936,pilot02,-75.5005,-78.125,930.6641,188058441,2020-04-28 05:17:06.103,0,0,0,0,0,0,0,0,0,0
1361937,pilot02,-80.7495,-78.8574,916.3818,188075746,2020-04-28 05:17:23.647,0,0,0,0,0,0,0,0,0,0
1361938,pilot02,-78.186,-85.6934,903.3813,188093273,2020-04-28 05:17:40.530,0,0,0,0,0,0,0,0,0,0
1361939,pilot02,-88.8672,-65.6738,881.4697,188110173,2020-04-28 05:17:59.743,0,0,0,0,0,0,0,0,0,0
1361940,pilot02,-99.2432,-72.3267,830.3833,188129386,2020-04-28 05:18:17.477,0,0,0,0,0,0,0,0,0,0
1361941,pilot02,-41.3818,-46.2646,934.6924,188147121,2020-04-28 05:18:37.263,0,0,0,0,0,0,0,0,0,0
1361942,pilot02,-68.0542,-94.4824,1014.2822,188166908,2020-04-28 05:18:56.223,0,0,0,0,0,0,0,0,0,0
1361943,pilot02,-40.2832,-74.8901,935.3027,188185861,2020-04-28 05:19:15.167,0,0,0,0,0,0,0,0,0,0
1361944,pilot02,-40.0391,-48.0957,958.4351,188204815,2020-04-28 05:19:32.523,0,0,0,0,0,0,0,0,0,0
1361945,pilot02,-101.7456,-85.7544,818.1152,188222160,2020-04-28 05:19:49.863,0,0,0,0,0,0,0,0,0,0
1361946,pilot02,-78.125,-63.5376,997.3145,188239221,2020-04-28 05:20:06.803,0,0,0,0,0,0,0,0,0,0
1361947,pilot02,-90.0269,-88.3179,768.7988,188256542,2020-04-28 05:20:25.620,0,0,0,0,0,0,0,0,0,0
1361948,pilot02,-57.7393,-54.8096,906.0669,188275261,2020-04-28 05:20:43.553,0,0,0,0,0,0,0,0,0,0
1361949,pilot02,-78.9795,-64.8193,991.9434,188293191,2020-04-28 05:21:02.040,0,0,0,0,0,0,0,0,0,0
1361950,pilot02,-109.4971,-80.9937,929.5654,188311675,2020-04-28 05:21:19.110,0,0,0,0,0,0,0,0,0,0
1361951,pilot02,-45.8374,-73.4253,935.1807,188328751,2020-04-28 05:21:38.273,0,0,0,0,0,0,0,0,0,0
1361952,pilot02,-93.3228,-64.5752,942.688,188347914,2020-04-28 05:21:55.557,0,0,0,0,0,0,0,0,0,0
1361953,pilot02,-86.3037,-74.585,860.5347,188365194,2020-04-28 05:22:12.557,0,0,0,0,0,0,0,0,0,0
1361954,pilot02,-63.7817,-34.3018,1002.2583,188382181,2020-04-28 05:22:29.723,0,0,0,0,0,0,0,0,0,0
1361955,pilot02,-64.5142,-50.293,893.5547,188399357,2020-04-28 05:22:46.843,0,0,0,0,0,0,0,0,0,0
1361956,pilot02,-49.2554,-71.3501,983.2153,188416482,2020-04-28 05:23:06.423,0,0,0,0,0,0,0,0,0,0
