date,value,localSum
2020-06-17 00:00:09,0.0,0.0
2020-06-17 00:01:09,0.0,0.0
2020-06-17 00:02:09,0.0,0.0
2020-06-17 00:03:09,0.0,0.0
2020-06-17 00:04:09,0.0,0.0
2020-06-17 00:05:09,0.0,0.0
2020-06-17 00:06:09,0.0,0.0
2020-06-17 00:07:09,0.0,0.0
2020-06-17 00:08:09,0.0,0.0
2020-06-17 00:09:09,0.0,0.0
2020-06-17 00:10:09,0.0,0.0
2020-06-17 00:11:09,0.0,0.0
2020-06-17 00:12:09,0.0,0.0
2020-06-17 00:13:09,0.0,0.0
2020-06-17 00:14:09,0.0,0.0
2020-06-17 00:15:09,0.0,0.0
2020-06-17 00:16:09,0.0,0.0
2020-06-17 00:17:09,0.0,0.0
2020-06-17 00:18:09,0.0,0.0
2020-06-17 00:19:09,0.0,0.0
2020-06-17 00:20:09,0.0,0.0
2020-06-17 00:21:09,0.0,0.0
2020-06-17 00:22:09,0.0,0.0
2020-06-17 00:23:09,0.0,0.0
2020-06-17 00:24:09,0.0,0.0
2020-06-17 00:25:09,0.0,0.0
2020-06-17 00:26:09,0.0,0.0
2020-06-17 00:27:09,0.0,0.0
2020-06-17 00:28:09,0.0,0.0
2020-06-17 00:29:09,0.0,0.0
2020-06-17 00:30:09,0.0,0.0
2020-06-17 00:31:09,0.0,0.0
2020-06-17 00:32:09,0.0,0.0
2020-06-17 00:33:09,0.0,0.0
2020-06-17 00:34:09,0.0,0.0
2020-06-17 00:35:09,0.0,0.0
2020-06-17 00:36:09,0.0,0.0
2020-06-17 00:37:09,0.0,0.0
2020-06-17 00:38:09,0.0,0.0
2020-06-17 00:39:09,0.0,0.0
2020-06-17 00:40:09,0.0,0.0
2020-06-17 00:41:09,0.0,0.0
2020-06-17 00:42:09,0.0,0.0
2020-06-17 00:43:09,0.0,0.0
2020-06-17 00:44:09,0.0,0.0
2020-06-17 00:45:09,0.0,0.0
2020-06-17 00:46:09,0.0,0.0
2020-06-17 00:47:09,0.0,0.0
2020-06-17 00:48:09,0.0,0.0
2020-06-17 00:49:09,0.0,0.0
2020-06-17 00:50:09,0.0,0.0
2020-06-17 00:51:09,0.0,0.0
2020-06-17 00:52:09,0.0,0.0
2020-06-17 00:53:09,0.0,0.0
2020-06-17 00:54:09,1.0,1.0
2020-06-17 00:55:09,1.0,2.0
2020-06-17 00:56:09,1.0,3.0
2020-06-17 00:57:09,1.0,4.0
2020-06-17 00:58:09,1.0,5.0
2020-06-17 00:59:09,1.0,6.0
2020-06-17 01:00:09,1.0,7.0
2020-06-17 01:01:09,1.0,8.0
2020-06-17 01:02:09,1.0,9.0
2020-06-17 01:03:09,1.0,10.0
2020-06-17 01:04:09,0.0,10.0
2020-06-17 01:05:09,0.0,10.0
2020-06-17 01:06:09,0.0,10.0
2020-06-17 01:07:09,0.0,10.0
2020-06-17 01:08:09,0.0,10.0
2020-06-17 01:09:09,0.0,10.0
2020-06-17 01:10:09,0.0,10.0
2020-06-17 01:11:09,0.0,10.0
2020-06-17 01:12:09,0.0,10.0
2020-06-17 01:13:09,0.0,10.0
2020-06-17 01:14:09,0.0,10.0
2020-06-17 01:15:09,0.0,10.0
2020-06-17 01:16:09,0.0,10.0
2020-06-17 01:17:09,0.0,10.0
2020-06-17 01:18:09,0.0,10.0
2020-06-17 01:19:09,0.0,10.0
2020-06-17 01:20:09,0.0,10.0
2020-06-17 01:21:09,0.0,10.0
2020-06-17 01:22:09,0.0,10.0
2020-06-17 01:23:09,0.0,10.0
2020-06-17 01:24:09,0.0,10.0
2020-06-17 01:25:09,0.0,10.0
2020-06-17 01:26:09,0.0,10.0
2020-06-17 01:27:09,0.0,10.0
2020-06-17 01:28:09,0.0,10.0
2020-06-17 01:29:09,0.0,10.0
2020-06-17 01:30:09,0.0,10.0
2020-06-17 01:31:09,0.0,10.0
2020-06-17 01:32:09,0.0,10.0
2020-06-17 01:33:09,0.0,10.0
2020-06-17 01:34:09,0.0,10.0
2020-06-17 01:35:09,0.0,10.0
2020-06-17 01:36:09,0.0,10.0
2020-06-17 01:37:09,0.0,10.0
2020-06-17 01:38:09,0.0,10.0
2020-06-17 01:39:09,0.0,10.0
2020-06-17 01:40:09,0.0,10.0
2020-06-17 01:41:09,0.0,10.0
2020-06-17 01:42:09,0.0,10.0
2020-06-17 01:43:09,0.0,10.0
2020-06-17 01:44:09,0.0,10.0
2020-06-17 01:45:09,0.0,10.0
2020-06-17 01:46:09,0.0,10.0
2020-06-17 01:47:09,0.0,10.0
2020-06-17 01:48:09,0.0,10.0
2020-06-17 01:49:09,0.0,10.0
2020-06-17 01:50:09,0.0,10.0
2020-06-17 01:51:09,0.0,10.0
2020-06-17 01:52:09,0.0,10.0
2020-06-17 01:53:09,0.0,10.0
2020-06-17 01:54:09,0.0,10.0
2020-06-17 01:55:09,0.0,10.0
2020-06-17 01:56:09,0.0,10.0
2020-06-17 01:57:09,0.0,10.0
2020-06-17 01:58:09,0.0,10.0
2020-06-17 01:59:09,0.0,10.0
2020-06-17 02:00:09,0.0,10.0
2020-06-17 02:01:09,0.0,10.0
2020-06-17 02:02:09,0.0,10.0
2020-06-17 02:03:09,0.0,10.0
2020-06-17 02:04:09,0.0,10.0
2020-06-17 02:05:09,0.0,10.0
2020-06-17 02:06:09,0.0,10.0
2020-06-17 02:07:09,0.0,10.0
2020-06-17 02:08:09,0.0,10.0
2020-06-17 02:09:09,0.0,10.0
2020-06-17 02:10:09,0.0,10.0
2020-06-17 02:11:09,0.0,10.0
2020-06-17 02:12:09,0.0,10.0
2020-06-17 02:13:09,0.0,10.0
2020-06-17 02:14:09,0.0,10.0
2020-06-17 02:15:09,0.0,10.0
2020-06-17 02:16:09,0.0,10.0
2020-06-17 02:17:09,0.0,10.0
2020-06-17 02:18:09,0.0,10.0
2020-06-17 02:19:09,0.0,10.0
2020-06-17 02:20:09,0.0,10.0
2020-06-17 02:21:09,0.0,10.0
2020-06-17 02:22:09,0.0,10.0
2020-06-17 02:23:09,0.0,10.0
2020-06-17 02:24:09,0.0,10.0
2020-06-17 02:25:09,0.0,10.0
2020-06-17 02:26:09,0.0,10.0
2020-06-17 02:27:09,0.0,10.0
2020-06-17 02:28:09,0.0,10.0
2020-06-17 02:29:09,0.0,10.0
2020-06-17 02:30:09,0.0,10.0
2020-06-17 02:31:09,0.0,10.0
2020-06-17 02:32:09,0.0,10.0
2020-06-17 02:33:09,0.0,10.0
2020-06-17 02:34:09,0.0,10.0
2020-06-17 02:35:09,0.0,10.0
2020-06-17 02:36:09,0.0,10.0
2020-06-17 02:37:09,0.0,10.0
2020-06-17 02:38:09,0.0,10.0
2020-06-17 02:39:09,0.0,10.0
2020-06-17 02:40:09,0.0,10.0
2020-06-17 02:41:09,0.0,10.0
2020-06-17 02:42:09,0.0,10.0
2020-06-17 02:43:09,0.0,10.0
2020-06-17 02:44:09,0.0,10.0
2020-06-17 02:45:09,0.0,10.0
2020-06-17 02:46:09,0.0,10.0
2020-06-17 02:47:09,0.0,10.0
2020-06-17 02:48:09,0.0,10.0
2020-06-17 02:49:09,0.0,10.0
2020-06-17 02:50:09,0.0,10.0
2020-06-17 02:51:09,0.0,10.0
2020-06-17 02:52:09,0.0,10.0
2020-06-17 02:53:09,0.0,10.0
2020-06-17 02:54:09,0.0,10.0
2020-06-17 02:55:09,0.0,10.0
2020-06-17 02:56:09,1.0,11.0
2020-06-17 02:57:09,1.0,12.0
2020-06-17 02:58:09,1.0,13.0
2020-06-17 02:59:09,1.0,14.0
2020-06-17 03:00:09,1.0,15.0
2020-06-17 03:01:09,1.0,16.0
2020-06-17 03:02:09,1.0,17.0
2020-06-17 03:03:09,1.0,18.0
2020-06-17 03:04:09,1.0,19.0
2020-06-17 03:05:09,1.0,20.0
2020-06-17 03:06:09,1.0,21.0
2020-06-17 03:07:09,1.0,22.0
2020-06-17 03:08:09,1.0,23.0
2020-06-17 03:09:09,1.0,24.0
2020-06-17 03:10:09,1.0,25.0
2020-06-17 03:11:09,1.0,26.0
2020-06-17 03:12:09,1.0,27.0
2020-06-17 03:13:09,1.0,28.0
2020-06-17 03:14:09,1.0,29.0
2020-06-17 03:15:09,1.0,30.0
2020-06-17 03:16:09,1.0,31.0
2020-06-17 03:17:09,1.0,32.0
2020-06-17 03:18:09,1.0,33.0
2020-06-17 03:19:09,1.0,34.0
2020-06-17 03:20:09,1.0,35.0
2020-06-17 03:21:09,1.0,36.0
2020-06-17 03:22:09,1.0,37.0
2020-06-17 03:23:09,1.0,38.0
2020-06-17 03:24:09,1.0,39.0
2020-06-17 03:25:09,1.0,40.0
2020-06-17 03:26:09,1.0,41.0
2020-06-17 03:27:09,1.0,42.0
2020-06-17 03:28:09,1.0,43.0
2020-06-17 03:29:09,1.0,44.0
2020-06-17 03:30:09,1.0,45.0
2020-06-17 03:31:09,1.0,46.0
2020-06-17 03:32:09,1.0,47.0
2020-06-17 03:33:09,1.0,48.0
2020-06-17 03:34:09,1.0,49.0
2020-06-17 03:35:09,1.0,50.0
2020-06-17 03:36:09,1.0,51.0
2020-06-17 03:37:09,1.0,52.0
2020-06-17 03:38:09,1.0,53.0
2020-06-17 03:39:09,1.0,54.0
2020-06-17 03:40:09,1.0,55.0
2020-06-17 03:41:09,1.0,56.0
2020-06-17 03:42:09,1.0,57.0
2020-06-17 03:43:09,1.0,58.0
2020-06-17 03:44:09,1.0,59.0
2020-06-17 03:45:09,1.0,60.0
2020-06-17 03:46:09,1.0,61.0
2020-06-17 03:47:09,1.0,62.0
2020-06-17 03:48:09,1.0,63.0
2020-06-17 03:49:09,1.0,64.0
2020-06-17 03:50:09,1.0,65.0
2020-06-17 03:51:09,1.0,66.0
2020-06-17 03:52:09,1.0,67.0
2020-06-17 03:53:09,1.0,68.0
2020-06-17 03:54:09,1.0,69.0
2020-06-17 03:55:09,1.0,70.0
2020-06-17 03:56:09,1.0,71.0
2020-06-17 03:57:09,1.0,72.0
2020-06-17 03:58:09,1.0,73.0
2020-06-17 03:59:09,1.0,74.0
2020-06-17 04:00:09,1.0,75.0
2020-06-17 04:01:09,1.0,76.0
2020-06-17 04:02:09,1.0,77.0
2020-06-17 04:03:09,1.0,78.0
2020-06-17 04:04:09,1.0,79.0
2020-06-17 04:05:09,1.0,80.0
2020-06-17 04:06:09,1.0,81.0
2020-06-17 04:07:09,1.0,82.0
2020-06-17 04:08:09,1.0,83.0
2020-06-17 04:09:09,1.0,84.0
2020-06-17 04:10:09,1.0,85.0
2020-06-17 04:11:09,1.0,86.0
2020-06-17 04:12:09,1.0,87.0
2020-06-17 04:13:09,1.0,88.0
2020-06-17 04:14:09,1.0,89.0
2020-06-17 04:15:09,1.0,90.0
2020-06-17 04:16:09,1.0,91.0
2020-06-17 04:17:09,1.0,92.0
2020-06-17 04:18:09,1.0,93.0
2020-06-17 04:19:09,1.0,94.0
2020-06-17 04:20:09,1.0,95.0
2020-06-17 04:21:09,1.0,96.0
2020-06-17 04:22:09,1.0,97.0
2020-06-17 04:23:09,1.0,98.0
2020-06-17 04:24:09,1.0,99.0
2020-06-17 04:25:09,1.0,100.0
2020-06-17 04:26:09,1.0,101.0
2020-06-17 04:27:09,1.0,102.0
2020-06-17 04:28:09,1.0,103.0
2020-06-17 04:29:09,0.0,103.0
2020-06-17 04:30:09,0.0,103.0
2020-06-17 04:31:09,0.0,103.0
2020-06-17 04:32:09,0.0,103.0
2020-06-17 04:33:09,0.0,103.0
2020-06-17 04:34:09,0.0,103.0
2020-06-17 04:35:09,0.0,103.0
2020-06-17 04:36:09,0.0,103.0
2020-06-17 04:37:09,0.0,103.0
2020-06-17 04:38:09,0.0,103.0
2020-06-17 04:39:09,0.0,103.0
2020-06-17 04:40:09,0.0,103.0
2020-06-17 04:41:09,0.0,103.0
2020-06-17 04:42:09,0.0,103.0
2020-06-17 04:43:09,0.0,103.0
2020-06-17 04:44:09,0.0,103.0
2020-06-17 04:45:09,0.0,103.0
2020-06-17 04:46:09,0.0,103.0
2020-06-17 04:47:09,0.0,103.0
2020-06-17 04:48:09,0.0,103.0
2020-06-17 04:49:09,0.0,103.0
2020-06-17 04:50:09,0.0,103.0
2020-06-17 04:51:09,0.0,103.0
2020-06-17 04:52:09,0.0,103.0
2020-06-17 04:53:09,0.0,103.0
2020-06-17 04:54:09,0.0,103.0
2020-06-17 04:55:09,0.0,103.0
2020-06-17 04:56:09,0.0,103.0
2020-06-17 04:57:09,0.0,103.0
2020-06-17 04:58:09,0.0,103.0
2020-06-17 04:59:09,0.0,103.0
2020-06-17 05:00:09,0.0,103.0
2020-06-17 05:01:09,0.0,103.0
2020-06-17 05:02:09,0.0,103.0
2020-06-17 05:03:09,0.0,103.0
2020-06-17 05:04:09,0.0,103.0
2020-06-17 05:05:09,0.0,103.0
2020-06-17 05:06:09,0.0,103.0
2020-06-17 05:07:09,1.0,104.0
2020-06-17 05:08:09,1.0,105.0
2020-06-17 05:09:09,1.0,106.0
2020-06-17 05:10:09,1.0,107.0
2020-06-17 05:11:09,1.0,108.0
2020-06-17 05:12:09,1.0,109.0
2020-06-17 05:13:09,1.0,110.0
2020-06-17 05:14:09,1.0,111.0
2020-06-17 05:15:09,1.0,112.0
2020-06-17 05:16:09,1.0,113.0
2020-06-17 05:17:09,1.0,114.0
2020-06-17 05:18:09,1.0,115.0
2020-06-17 05:19:09,1.0,116.0
2020-06-17 05:20:09,1.0,117.0
2020-06-17 05:21:09,1.0,118.0
2020-06-17 05:22:09,1.0,119.0
2020-06-17 05:23:09,1.0,120.0
2020-06-17 05:24:09,1.0,121.0
2020-06-17 05:25:09,1.0,122.0
2020-06-17 05:26:09,1.0,123.0
2020-06-17 05:27:09,1.0,124.0
2020-06-17 05:28:09,1.0,125.0
2020-06-17 05:29:09,1.0,126.0
2020-06-17 05:30:09,1.0,127.0
2020-06-17 05:31:09,1.0,128.0
2020-06-17 05:32:09,1.0,129.0
2020-06-17 05:33:09,1.0,130.0
2020-06-17 05:34:09,1.0,131.0
2020-06-17 05:35:09,1.0,132.0
2020-06-17 05:36:09,1.0,133.0
2020-06-17 05:37:09,1.0,134.0
2020-06-17 05:38:09,1.0,135.0
2020-06-17 05:39:09,1.0,136.0
2020-06-17 05:40:09,1.0,137.0
2020-06-17 05:41:09,1.0,138.0
2020-06-17 05:42:09,1.0,139.0
2020-06-17 05:43:09,1.0,140.0
2020-06-17 05:44:09,1.0,141.0
2020-06-17 05:45:09,1.0,142.0
2020-06-17 05:46:09,1.0,143.0
2020-06-17 05:47:09,1.0,144.0
2020-06-17 05:48:09,1.0,145.0
2020-06-17 05:49:09,1.0,146.0
2020-06-17 05:50:09,1.0,147.0
2020-06-17 05:51:09,1.0,148.0
2020-06-17 05:52:09,1.0,149.0
2020-06-17 05:53:09,1.0,150.0
2020-06-17 05:54:09,1.0,151.0
2020-06-17 05:55:09,1.0,152.0
2020-06-17 05:56:09,1.0,153.0
2020-06-17 05:57:09,1.0,154.0
2020-06-17 05:58:09,1.0,155.0
2020-06-17 05:59:09,1.0,156.0
2020-06-17 06:00:09,1.0,157.0
2020-06-17 06:01:09,1.0,158.0
2020-06-17 06:02:09,1.0,159.0
2020-06-17 06:03:09,1.0,160.0
2020-06-17 06:04:09,1.0,161.0
2020-06-17 06:05:09,1.0,162.0
2020-06-17 06:06:09,1.0,163.0
2020-06-17 06:07:09,1.0,164.0
2020-06-17 06:08:09,1.0,165.0
2020-06-17 06:09:09,1.0,166.0
2020-06-17 06:10:09,1.0,167.0
2020-06-17 06:11:09,1.0,168.0
2020-06-17 06:12:09,1.0,169.0
2020-06-17 06:13:09,1.0,170.0
2020-06-17 06:14:09,1.0,171.0
2020-06-17 06:15:09,1.0,172.0
2020-06-17 06:16:09,1.0,173.0
2020-06-17 06:17:09,1.0,174.0
2020-06-17 06:18:09,1.0,175.0
2020-06-17 06:19:09,1.0,176.0
2020-06-17 06:20:09,1.0,177.0
2020-06-17 06:21:09,1.0,178.0
2020-06-17 06:22:09,1.0,179.0
2020-06-17 06:23:09,1.0,180.0
2020-06-17 06:24:09,1.0,181.0
2020-06-17 06:25:09,1.0,182.0
2020-06-17 06:26:09,1.0,183.0
2020-06-17 06:27:09,1.0,184.0
2020-06-17 06:28:09,1.0,185.0
2020-06-17 06:29:09,1.0,186.0
2020-06-17 06:30:09,1.0,187.0
2020-06-17 06:31:09,1.0,188.0
2020-06-17 06:32:09,1.0,189.0
2020-06-17 06:33:09,1.0,190.0
2020-06-17 06:34:09,1.0,191.0
2020-06-17 06:35:09,1.0,192.0
2020-06-17 06:36:09,1.0,193.0
2020-06-17 06:37:09,1.0,194.0
2020-06-17 06:38:09,1.0,195.0
2020-06-17 06:39:09,1.0,196.0
2020-06-17 06:40:09,1.0,197.0
2020-06-17 06:41:09,1.0,198.0
2020-06-17 06:42:09,1.0,199.0
2020-06-17 06:43:09,1.0,200.0
2020-06-17 06:44:09,1.0,201.0
2020-06-17 06:45:09,1.0,202.0
2020-06-17 06:46:09,1.0,203.0
2020-06-17 06:47:09,1.0,204.0
2020-06-17 06:48:09,1.0,205.0
2020-06-17 06:49:09,1.0,206.0
2020-06-17 06:50:09,1.0,207.0
2020-06-17 06:51:09,1.0,208.0
2020-06-17 06:52:09,1.0,209.0
2020-06-17 06:53:09,1.0,210.0
2020-06-17 06:54:09,1.0,211.0
2020-06-17 06:55:09,1.0,212.0
2020-06-17 06:56:09,1.0,213.0
2020-06-17 06:57:09,1.0,214.0
2020-06-17 06:58:09,1.0,215.0
2020-06-17 06:59:09,1.0,216.0
2020-06-17 07:00:09,1.0,217.0
2020-06-17 07:01:09,1.0,218.0
2020-06-17 07:02:09,1.0,219.0
2020-06-17 07:03:09,1.0,220.0
2020-06-17 07:04:09,1.0,221.0
2020-06-17 07:05:09,1.0,222.0
2020-06-17 07:06:09,1.0,223.0
2020-06-17 07:07:09,1.0,224.0
2020-06-17 07:08:09,1.0,225.0
2020-06-17 07:09:09,1.0,226.0
2020-06-17 07:10:09,1.0,227.0
2020-06-17 07:11:09,1.0,228.0
2020-06-17 07:12:09,1.0,229.0
2020-06-17 07:13:09,1.0,230.0
2020-06-17 07:14:09,1.0,231.0
2020-06-17 07:15:09,1.0,232.0
2020-06-17 07:16:09,1.0,233.0
2020-06-17 07:17:09,1.0,234.0
2020-06-17 07:18:09,1.0,235.0
2020-06-17 07:19:09,1.0,236.0
2020-06-17 07:20:09,1.0,237.0
2020-06-17 07:21:09,1.0,238.0
2020-06-17 07:22:09,1.0,239.0
2020-06-17 07:23:09,1.0,240.0
2020-06-17 07:24:09,1.0,241.0
2020-06-17 07:25:09,1.0,242.0
2020-06-17 07:26:09,1.0,243.0
2020-06-17 07:27:09,1.0,244.0
2020-06-17 07:28:09,1.0,245.0
2020-06-17 07:29:09,1.0,246.0
2020-06-17 07:30:09,1.0,247.0
2020-06-17 07:31:09,1.0,248.0
2020-06-17 07:32:09,1.0,249.0
2020-06-17 07:33:09,1.0,250.0
2020-06-17 07:34:09,1.0,251.0
2020-06-17 07:35:09,1.0,252.0
2020-06-17 07:36:09,1.0,253.0
2020-06-17 07:37:09,1.0,254.0
2020-06-17 07:38:09,1.0,255.0
2020-06-17 07:39:09,1.0,256.0
2020-06-17 07:40:09,1.0,257.0
2020-06-17 07:41:09,1.0,258.0
2020-06-17 07:42:09,1.0,259.0
2020-06-17 07:43:09,1.0,260.0
2020-06-17 07:44:09,1.0,261.0
2020-06-17 07:45:09,1.0,262.0
2020-06-17 07:46:09,1.0,263.0
2020-06-17 07:47:09,1.0,264.0
2020-06-17 07:48:09,1.0,265.0
2020-06-17 07:49:09,1.0,266.0
2020-06-17 07:50:09,1.0,267.0
2020-06-17 07:51:09,1.0,268.0
2020-06-17 07:52:09,1.0,269.0
2020-06-17 07:53:09,1.0,270.0
2020-06-17 07:54:09,1.0,271.0
2020-06-17 07:55:09,1.0,272.0
2020-06-17 07:56:09,1.0,273.0
2020-06-17 07:57:09,1.0,274.0
2020-06-17 07:58:09,1.0,275.0
2020-06-17 07:59:09,1.0,276.0
2020-06-17 08:00:09,1.0,277.0
2020-06-17 08:01:09,1.0,278.0
2020-06-17 08:02:09,1.0,279.0
2020-06-17 08:03:09,1.0,280.0
2020-06-17 08:04:09,1.0,281.0
2020-06-17 08:05:09,1.0,282.0
2020-06-17 08:06:09,1.0,283.0
2020-06-17 08:07:09,1.0,284.0
2020-06-17 08:08:09,1.0,285.0
2020-06-17 08:09:09,1.0,286.0
2020-06-17 08:10:09,1.0,287.0
2020-06-17 08:11:09,1.0,288.0
2020-06-17 08:12:09,1.0,289.0
2020-06-17 08:13:09,1.0,290.0
2020-06-17 08:14:09,1.0,291.0
2020-06-17 08:15:09,1.0,292.0
2020-06-17 08:16:09,1.0,293.0
2020-06-17 08:17:09,1.0,294.0
2020-06-17 08:18:09,1.0,295.0
2020-06-17 08:19:09,0.0,295.0
2020-06-17 08:20:09,0.0,295.0
2020-06-17 08:21:09,0.0,295.0
2020-06-17 08:22:09,0.0,295.0
2020-06-17 08:23:09,0.0,295.0
2020-06-17 08:24:09,0.0,295.0
2020-06-17 08:25:09,0.0,295.0
2020-06-17 08:26:09,0.0,295.0
2020-06-17 08:27:09,0.0,295.0
2020-06-17 08:28:09,0.0,295.0
2020-06-17 08:29:09,0.0,295.0
2020-06-17 08:30:09,0.0,295.0
2020-06-17 08:31:09,0.0,295.0
2020-06-17 08:32:09,0.0,295.0
2020-06-17 08:33:09,0.0,295.0
2020-06-17 08:34:09,0.0,295.0
2020-06-17 08:35:09,0.0,295.0
2020-06-17 08:36:09,0.0,295.0
2020-06-17 08:37:09,0.0,295.0
2020-06-17 08:38:09,0.0,295.0
2020-06-17 08:39:09,0.0,295.0
2020-06-17 08:40:09,0.0,295.0
2020-06-17 08:41:09,0.0,295.0
2020-06-17 08:42:09,0.0,295.0
2020-06-17 08:43:09,0.0,295.0
2020-06-17 08:44:09,0.0,295.0
2020-06-17 08:45:09,0.0,295.0
2020-06-17 08:46:09,0.0,295.0
2020-06-17 08:47:09,0.0,295.0
2020-06-17 08:48:09,0.0,295.0
2020-06-17 08:49:09,0.0,295.0
2020-06-17 08:50:09,0.0,295.0
2020-06-17 08:51:09,0.0,295.0
2020-06-17 08:52:09,0.0,295.0
2020-06-17 08:53:09,0.0,295.0
2020-06-17 08:54:09,0.0,295.0
2020-06-17 08:55:09,0.0,295.0
2020-06-17 08:56:09,0.0,295.0
2020-06-17 08:57:09,0.0,295.0
2020-06-17 08:58:09,0.0,295.0
2020-06-17 08:59:09,0.0,295.0
2020-06-17 09:00:09,0.0,295.0
2020-06-17 09:01:09,0.0,295.0
2020-06-17 09:02:09,0.0,295.0
2020-06-17 09:03:09,0.0,295.0
2020-06-17 09:04:09,0.0,295.0
2020-06-17 09:05:09,0.0,295.0
2020-06-17 09:06:09,0.0,295.0
2020-06-17 09:07:09,0.0,295.0
2020-06-17 09:08:09,0.0,295.0
2020-06-17 09:09:09,0.0,295.0
2020-06-17 09:10:09,0.0,295.0
2020-06-17 09:11:09,0.0,295.0
2020-06-17 09:12:09,0.0,295.0
2020-06-17 09:13:09,0.0,295.0
2020-06-17 09:14:09,0.0,295.0
2020-06-17 09:15:09,0.0,295.0
2020-06-17 09:16:09,0.0,295.0
2020-06-17 09:17:09,0.0,295.0
2020-06-17 09:18:09,0.0,295.0
2020-06-17 09:19:09,0.0,295.0
2020-06-17 09:20:09,0.0,295.0
2020-06-17 09:21:09,0.0,295.0
2020-06-17 09:22:09,0.0,295.0
2020-06-17 09:23:09,0.0,295.0
2020-06-17 09:24:09,0.0,295.0
2020-06-17 09:25:09,0.0,295.0
2020-06-17 09:26:09,0.0,295.0
2020-06-17 09:27:09,0.0,295.0
2020-06-17 09:28:09,0.0,295.0
2020-06-17 09:29:09,0.0,295.0
2020-06-17 09:30:09,0.0,295.0
2020-06-17 09:31:09,0.0,295.0
2020-06-17 09:32:09,0.0,295.0
2020-06-17 09:33:09,0.0,295.0
2020-06-17 09:34:09,0.0,295.0
2020-06-17 09:35:09,0.0,295.0
2020-06-17 09:36:09,0.0,295.0
2020-06-17 09:37:09,0.0,295.0
2020-06-17 09:38:09,0.0,295.0
2020-06-17 09:39:09,0.0,295.0
2020-06-17 09:40:09,0.0,295.0
2020-06-17 09:41:09,0.0,295.0
2020-06-17 09:42:09,0.0,295.0
2020-06-17 09:43:09,0.0,295.0
2020-06-17 09:44:09,0.0,295.0
2020-06-17 09:45:09,0.0,295.0
2020-06-17 09:46:09,0.0,295.0
2020-06-17 09:47:09,0.0,295.0
2020-06-17 09:48:09,1.0,296.0
2020-06-17 09:49:09,1.0,297.0
2020-06-17 09:50:09,1.0,298.0
2020-06-17 09:51:09,1.0,299.0
2020-06-17 09:52:09,1.0,300.0
2020-06-17 09:53:09,1.0,301.0
2020-06-17 09:54:09,1.0,302.0
2020-06-17 09:55:09,1.0,303.0
2020-06-17 09:56:09,1.0,304.0
2020-06-17 09:57:09,1.0,305.0
2020-06-17 09:58:09,1.0,306.0
2020-06-17 09:59:09,1.0,307.0
2020-06-17 10:00:09,1.0,308.0
2020-06-17 10:01:09,1.0,309.0
2020-06-17 10:02:09,0.0,309.0
2020-06-17 10:03:09,0.0,309.0
2020-06-17 10:04:09,0.0,309.0
2020-06-17 10:05:09,0.0,309.0
2020-06-17 10:06:09,0.0,309.0
2020-06-17 10:07:09,0.0,309.0
2020-06-17 10:08:09,0.0,309.0
2020-06-17 10:09:09,0.0,309.0
2020-06-17 10:10:09,0.0,309.0
2020-06-17 10:11:09,0.0,309.0
2020-06-17 10:12:09,0.0,309.0
2020-06-17 10:13:09,0.0,309.0
2020-06-17 10:14:09,0.0,309.0
2020-06-17 10:15:09,0.0,309.0
2020-06-17 10:16:09,0.0,309.0
2020-06-17 10:17:09,0.0,309.0
2020-06-17 10:18:09,0.0,309.0
2020-06-17 10:19:09,0.0,309.0
2020-06-17 10:20:09,0.0,309.0
2020-06-17 10:21:09,0.0,309.0
2020-06-17 10:22:09,0.0,309.0
2020-06-17 10:23:09,0.0,309.0
2020-06-17 10:24:09,0.0,309.0
2020-06-17 10:25:09,0.0,309.0
2020-06-17 10:26:09,0.0,309.0
2020-06-17 10:27:09,0.0,309.0
2020-06-17 10:28:09,1.0,310.0
2020-06-17 10:29:09,1.0,311.0
2020-06-17 10:30:09,1.0,312.0
2020-06-17 10:31:09,1.0,313.0
2020-06-17 10:32:09,1.0,314.0
2020-06-17 10:33:09,1.0,315.0
2020-06-17 10:34:09,1.0,316.0
2020-06-17 10:35:09,1.0,317.0
2020-06-17 10:36:09,1.0,318.0
2020-06-17 10:37:09,1.0,319.0
2020-06-17 10:38:09,0.0,319.0
2020-06-17 10:39:09,0.0,319.0
2020-06-17 10:40:09,0.0,319.0
2020-06-17 10:41:09,0.0,319.0
2020-06-17 10:42:09,0.0,319.0
2020-06-17 10:43:09,0.0,319.0
2020-06-17 10:44:09,0.0,319.0
2020-06-17 10:45:09,0.0,319.0
2020-06-17 10:46:09,0.0,319.0
2020-06-17 10:47:09,0.0,319.0
2020-06-17 10:48:09,0.0,319.0
2020-06-17 10:49:09,0.0,319.0
2020-06-17 10:50:09,0.0,319.0
2020-06-17 10:51:09,0.0,319.0
2020-06-17 10:52:09,0.0,319.0
2020-06-17 10:53:09,0.0,319.0
2020-06-17 10:54:09,0.0,319.0
2020-06-17 10:55:09,0.0,319.0
2020-06-17 10:56:09,0.0,319.0
2020-06-17 10:57:09,0.0,319.0
2020-06-17 10:58:09,0.0,319.0
2020-06-17 10:59:09,0.0,319.0
2020-06-17 11:00:09,0.0,319.0
2020-06-17 11:01:09,0.0,319.0
2020-06-17 11:02:09,0.0,319.0
2020-06-17 11:03:09,0.0,319.0
2020-06-17 11:04:09,1.0,320.0
2020-06-17 11:05:09,1.0,321.0
2020-06-17 11:06:09,1.0,322.0
2020-06-17 11:07:09,1.0,323.0
2020-06-17 11:08:09,0.0,323.0
2020-06-17 11:09:09,0.0,323.0
2020-06-17 11:10:09,0.0,323.0
2020-06-17 11:11:09,0.0,323.0
2020-06-17 11:12:09,0.0,323.0
2020-06-17 11:13:09,0.0,323.0
2020-06-17 11:14:09,0.0,323.0
2020-06-17 11:15:09,0.0,323.0
2020-06-17 11:16:09,0.0,323.0
2020-06-17 11:17:09,0.0,323.0
2020-06-17 11:18:09,0.0,323.0
2020-06-17 11:19:09,0.0,323.0
2020-06-17 11:20:09,0.0,323.0
2020-06-17 11:21:09,0.0,323.0
2020-06-17 11:22:09,0.0,323.0
2020-06-17 11:23:09,0.0,323.0
2020-06-17 11:24:09,0.0,323.0
2020-06-17 11:25:09,0.0,323.0
2020-06-17 11:26:09,0.0,323.0
2020-06-17 11:27:09,0.0,323.0
2020-06-17 11:28:09,1.0,324.0
2020-06-17 11:29:09,0.0,324.0
2020-06-17 11:30:09,0.0,324.0
2020-06-17 11:31:09,0.0,324.0
2020-06-17 11:32:09,0.0,324.0
2020-06-17 11:33:09,0.0,324.0
2020-06-17 11:34:09,0.0,324.0
2020-06-17 11:35:09,1.0,325.0
2020-06-17 11:36:09,1.0,326.0
2020-06-17 11:37:09,1.0,327.0
2020-06-17 11:38:09,1.0,328.0
2020-06-17 11:39:09,1.0,329.0
2020-06-17 11:40:09,1.0,330.0
2020-06-17 11:41:09,1.0,331.0
2020-06-17 11:42:09,1.0,332.0
2020-06-17 11:43:09,1.0,333.0
2020-06-17 11:44:09,1.0,334.0
2020-06-17 11:45:09,1.0,335.0
2020-06-17 11:46:09,1.0,336.0
2020-06-17 11:47:09,1.0,337.0
2020-06-17 11:48:09,1.0,338.0
2020-06-17 11:49:09,1.0,339.0
2020-06-17 11:50:09,1.0,340.0
2020-06-17 11:51:09,1.0,341.0
2020-06-17 11:52:09,1.0,342.0
2020-06-17 11:53:09,1.0,343.0
2020-06-17 11:54:09,1.0,344.0
2020-06-17 11:55:09,1.0,345.0
2020-06-17 11:56:09,1.0,346.0
2020-06-17 11:57:09,1.0,347.0
2020-06-17 11:58:09,1.0,348.0
2020-06-17 11:59:09,1.0,349.0
2020-06-17 12:00:09,1.0,350.0
2020-06-17 12:01:09,0.0,350.0
2020-06-17 12:02:09,0.0,350.0
2020-06-17 12:03:09,0.0,350.0
2020-06-17 12:04:09,0.0,350.0
2020-06-17 12:05:09,0.0,350.0
2020-06-17 12:06:09,0.0,350.0
2020-06-17 12:07:09,0.0,350.0
2020-06-17 12:08:09,0.0,350.0
2020-06-17 12:09:09,1.0,351.0
2020-06-17 12:10:09,1.0,352.0
2020-06-17 12:11:09,1.0,353.0
2020-06-17 12:12:09,1.0,354.0
2020-06-17 12:13:09,1.0,355.0
2020-06-17 12:14:09,1.0,356.0
2020-06-17 12:15:09,1.0,357.0
2020-06-17 12:16:09,1.0,358.0
2020-06-17 12:17:09,1.0,359.0
2020-06-17 12:18:09,1.0,360.0
2020-06-17 12:19:09,1.0,361.0
2020-06-17 12:20:09,1.0,362.0
2020-06-17 12:21:09,1.0,363.0
2020-06-17 12:22:09,1.0,364.0
2020-06-17 12:23:09,1.0,365.0
2020-06-17 12:24:09,1.0,366.0
2020-06-17 12:25:09,1.0,367.0
2020-06-17 12:26:09,1.0,368.0
2020-06-17 12:27:09,1.0,369.0
2020-06-17 12:28:09,1.0,370.0
2020-06-17 12:29:09,1.0,371.0
2020-06-17 12:30:09,1.0,372.0
2020-06-17 12:31:09,1.0,373.0
2020-06-17 12:32:09,1.0,374.0
2020-06-17 12:33:09,1.0,375.0
2020-06-17 12:34:09,1.0,376.0
2020-06-17 12:35:09,1.0,377.0
2020-06-17 12:36:09,1.0,378.0
2020-06-17 12:37:09,1.0,379.0
2020-06-17 12:38:09,1.0,380.0
2020-06-17 12:39:09,1.0,381.0
2020-06-17 12:40:09,1.0,382.0
2020-06-17 12:41:09,1.0,383.0
2020-06-17 12:42:09,1.0,384.0
2020-06-17 12:43:09,1.0,385.0
2020-06-17 12:44:09,1.0,386.0
2020-06-17 12:45:09,1.0,387.0
2020-06-17 12:46:09,1.0,388.0
2020-06-17 12:47:09,1.0,389.0
2020-06-17 12:48:09,1.0,390.0
2020-06-17 12:49:09,1.0,391.0
2020-06-17 12:50:09,1.0,392.0
2020-06-17 12:51:09,1.0,393.0
2020-06-17 12:52:09,1.0,394.0
2020-06-17 12:53:09,1.0,395.0
2020-06-17 12:54:09,1.0,396.0
2020-06-17 12:55:09,1.0,397.0
2020-06-17 12:56:09,1.0,398.0
2020-06-17 12:57:09,1.0,399.0
2020-06-17 12:58:09,1.0,400.0
2020-06-17 12:59:09,1.0,401.0
2020-06-17 13:00:09,1.0,402.0
2020-06-17 13:01:09,1.0,403.0
2020-06-17 13:02:09,1.0,404.0
2020-06-17 13:03:09,1.0,405.0
2020-06-17 13:04:09,1.0,406.0
2020-06-17 13:05:09,1.0,407.0
2020-06-17 13:06:09,1.0,408.0
2020-06-17 13:07:09,1.0,409.0
2020-06-17 13:08:09,1.0,410.0
2020-06-17 13:09:09,1.0,411.0
2020-06-17 13:10:09,1.0,412.0
2020-06-17 13:11:09,1.0,413.0
2020-06-17 13:12:09,1.0,414.0
2020-06-17 13:13:09,1.0,415.0
2020-06-17 13:14:09,1.0,416.0
2020-06-17 13:15:09,1.0,417.0
2020-06-17 13:16:09,1.0,418.0
2020-06-17 13:17:09,1.0,419.0
2020-06-17 13:18:09,1.0,420.0
2020-06-17 13:19:09,1.0,421.0
2020-06-17 13:20:09,1.0,422.0
2020-06-17 13:21:09,1.0,423.0
2020-06-17 13:22:09,1.0,424.0
2020-06-17 13:23:09,1.0,425.0
2020-06-17 13:24:09,1.0,426.0
2020-06-17 13:25:09,1.0,427.0
2020-06-17 13:26:09,1.0,428.0
2020-06-17 13:27:09,1.0,429.0
2020-06-17 13:28:09,1.0,430.0
2020-06-17 13:29:09,1.0,431.0
2020-06-17 13:30:09,1.0,432.0
2020-06-17 13:31:09,1.0,433.0
2020-06-17 13:32:09,1.0,434.0
2020-06-17 13:33:09,1.0,435.0
2020-06-17 13:34:09,1.0,436.0
2020-06-17 13:35:09,1.0,437.0
2020-06-17 13:36:09,1.0,438.0
2020-06-17 13:37:09,1.0,439.0
2020-06-17 13:38:09,1.0,440.0
2020-06-17 13:39:09,1.0,441.0
2020-06-17 13:40:09,1.0,442.0
2020-06-17 13:41:09,1.0,443.0
2020-06-17 13:42:09,1.0,444.0
2020-06-17 13:43:09,1.0,445.0
2020-06-17 13:44:09,1.0,446.0
2020-06-17 13:45:09,1.0,447.0
2020-06-17 13:46:09,1.0,448.0
2020-06-17 13:47:09,1.0,449.0
2020-06-17 13:48:09,1.0,450.0
2020-06-17 13:49:09,1.0,451.0
2020-06-17 13:50:09,1.0,452.0
2020-06-17 13:51:09,1.0,453.0
2020-06-17 13:52:09,1.0,454.0
2020-06-17 13:53:09,1.0,455.0
2020-06-17 13:54:09,1.0,456.0
2020-06-17 13:55:09,1.0,457.0
2020-06-17 13:56:09,1.0,458.0
2020-06-17 13:57:09,1.0,459.0
2020-06-17 13:58:09,1.0,460.0
2020-06-17 13:59:09,1.0,461.0
2020-06-17 14:00:09,1.0,462.0
2020-06-17 14:01:09,1.0,463.0
2020-06-17 14:02:09,1.0,464.0
2020-06-17 14:03:09,1.0,465.0
2020-06-17 14:04:09,1.0,466.0
2020-06-17 14:05:09,1.0,467.0
2020-06-17 14:06:09,1.0,468.0
2020-06-17 14:07:09,1.0,469.0
2020-06-17 14:08:09,1.0,470.0
2020-06-17 14:09:09,1.0,471.0
2020-06-17 14:10:09,1.0,472.0
2020-06-17 14:11:09,1.0,473.0
2020-06-17 14:12:09,1.0,474.0
2020-06-17 14:13:09,1.0,475.0
2020-06-17 14:14:09,1.0,476.0
2020-06-17 14:15:09,1.0,477.0
2020-06-17 14:16:09,1.0,478.0
2020-06-17 14:17:09,1.0,479.0
2020-06-17 14:18:09,1.0,480.0
2020-06-17 14:19:09,1.0,481.0
2020-06-17 14:20:09,1.0,482.0
2020-06-17 14:21:09,1.0,483.0
2020-06-17 14:22:09,1.0,484.0
2020-06-17 14:23:09,1.0,485.0
2020-06-17 14:24:09,1.0,486.0
2020-06-17 14:25:09,1.0,487.0
2020-06-17 14:26:09,1.0,488.0
2020-06-17 14:27:09,1.0,489.0
2020-06-17 14:28:09,1.0,490.0
2020-06-17 14:29:09,1.0,491.0
2020-06-17 14:30:09,1.0,492.0
2020-06-17 14:31:09,1.0,493.0
2020-06-17 14:32:09,1.0,494.0
2020-06-17 14:33:09,1.0,495.0
2020-06-17 14:34:09,1.0,496.0
2020-06-17 14:35:09,1.0,497.0
2020-06-17 14:36:09,1.0,498.0
2020-06-17 14:37:09,1.0,499.0
2020-06-17 14:38:09,1.0,500.0
2020-06-17 14:39:09,1.0,501.0
2020-06-17 14:40:09,1.0,502.0
2020-06-17 14:41:09,1.0,503.0
2020-06-17 14:42:09,1.0,504.0
2020-06-17 14:43:09,1.0,505.0
2020-06-17 14:44:09,1.0,506.0
2020-06-17 14:45:09,1.0,507.0
2020-06-17 14:46:09,1.0,508.0
2020-06-17 14:47:09,1.0,509.0
2020-06-17 14:48:09,1.0,510.0
2020-06-17 14:49:09,1.0,511.0
2020-06-17 14:50:09,1.0,512.0
2020-06-17 14:51:09,1.0,513.0
2020-06-17 14:52:09,1.0,514.0
2020-06-17 14:53:09,1.0,515.0
2020-06-17 14:54:09,1.0,516.0
2020-06-17 14:55:09,1.0,517.0
2020-06-17 14:56:09,1.0,518.0
2020-06-17 14:57:09,1.0,519.0
2020-06-17 14:58:09,1.0,520.0
2020-06-17 14:59:09,1.0,521.0
2020-06-17 15:00:09,1.0,522.0
2020-06-17 15:01:09,1.0,523.0
2020-06-17 15:02:09,1.0,524.0
2020-06-17 15:03:09,1.0,525.0
2020-06-17 15:04:09,1.0,526.0
2020-06-17 15:05:09,1.0,527.0
2020-06-17 15:06:09,1.0,528.0
2020-06-17 15:07:09,1.0,529.0
2020-06-17 15:08:09,1.0,530.0
2020-06-17 15:09:09,1.0,531.0
2020-06-17 15:10:09,1.0,532.0
2020-06-17 15:11:09,1.0,533.0
2020-06-17 15:12:09,1.0,534.0
2020-06-17 15:13:09,1.0,535.0
2020-06-17 15:14:09,1.0,536.0
2020-06-17 15:15:09,1.0,537.0
2020-06-17 15:16:09,1.0,538.0
2020-06-17 15:17:09,1.0,539.0
2020-06-17 15:18:09,1.0,540.0
2020-06-17 15:19:09,1.0,541.0
2020-06-17 15:20:09,1.0,542.0
2020-06-17 15:21:09,1.0,543.0
2020-06-17 15:22:09,1.0,544.0
2020-06-17 15:23:09,1.0,545.0
2020-06-17 15:24:09,1.0,546.0
2020-06-17 15:25:09,1.0,547.0
2020-06-17 15:26:09,1.0,548.0
2020-06-17 15:27:09,1.0,549.0
2020-06-17 15:28:09,1.0,550.0
2020-06-17 15:29:09,1.0,551.0
2020-06-17 15:30:09,0.0,551.0
2020-06-17 15:31:09,1.0,552.0
2020-06-17 15:32:09,1.0,553.0
2020-06-17 15:33:09,1.0,554.0
2020-06-17 15:34:09,0.0,554.0
2020-06-17 15:35:09,0.0,554.0
2020-06-17 15:36:09,1.0,555.0
2020-06-17 15:37:09,1.0,556.0
2020-06-17 15:38:09,1.0,557.0
2020-06-17 15:39:09,1.0,558.0
2020-06-17 15:40:09,1.0,559.0
2020-06-17 15:41:09,1.0,560.0
2020-06-17 15:42:09,1.0,561.0
2020-06-17 15:43:09,1.0,562.0
2020-06-17 15:44:09,1.0,563.0
2020-06-17 15:45:09,1.0,564.0
2020-06-17 15:46:09,1.0,565.0
2020-06-17 15:47:09,1.0,566.0
2020-06-17 15:48:09,1.0,567.0
2020-06-17 15:49:09,1.0,568.0
2020-06-17 15:50:09,1.0,569.0
2020-06-17 15:51:09,1.0,570.0
2020-06-17 15:52:09,1.0,571.0
2020-06-17 15:53:09,1.0,572.0
2020-06-17 15:54:09,1.0,573.0
2020-06-17 15:55:09,1.0,574.0
2020-06-17 15:56:09,1.0,575.0
2020-06-17 15:57:09,1.0,576.0
2020-06-17 15:58:09,1.0,577.0
2020-06-17 15:59:09,1.0,578.0
2020-06-17 16:00:09,1.0,579.0
2020-06-17 16:01:09,1.0,580.0
2020-06-17 16:02:09,1.0,581.0
2020-06-17 16:03:09,1.0,582.0
2020-06-17 16:04:09,1.0,583.0
2020-06-17 16:05:09,1.0,584.0
2020-06-17 16:06:09,1.0,585.0
2020-06-17 16:07:09,1.0,586.0
2020-06-17 16:08:09,1.0,587.0
2020-06-17 16:09:09,1.0,588.0
2020-06-17 16:10:09,1.0,589.0
2020-06-17 16:11:09,1.0,590.0
2020-06-17 16:12:09,1.0,591.0
2020-06-17 16:13:09,1.0,592.0
2020-06-17 16:14:09,1.0,593.0
2020-06-17 16:15:09,1.0,594.0
2020-06-17 16:16:09,1.0,595.0
2020-06-17 16:17:09,1.0,596.0
2020-06-17 16:18:09,1.0,597.0
2020-06-17 16:19:09,1.0,598.0
2020-06-17 16:20:09,1.0,599.0
2020-06-17 16:21:09,1.0,600.0
2020-06-17 16:22:09,1.0,601.0
2020-06-17 16:23:09,1.0,602.0
2020-06-17 16:24:09,1.0,603.0
2020-06-17 16:25:09,1.0,604.0
2020-06-17 16:26:09,1.0,605.0
2020-06-17 16:27:09,1.0,606.0
2020-06-17 16:28:09,1.0,607.0
2020-06-17 16:29:09,1.0,608.0
2020-06-17 16:30:09,1.0,609.0
2020-06-17 16:31:09,1.0,610.0
2020-06-17 16:32:09,1.0,611.0
2020-06-17 16:33:09,1.0,612.0
2020-06-17 16:34:09,1.0,613.0
2020-06-17 16:35:09,1.0,614.0
2020-06-17 16:36:09,1.0,615.0
2020-06-17 16:37:09,1.0,616.0
2020-06-17 16:38:09,1.0,617.0
2020-06-17 16:39:09,1.0,618.0
2020-06-17 16:40:09,1.0,619.0
2020-06-17 16:41:09,1.0,620.0
2020-06-17 16:42:09,1.0,621.0
2020-06-17 16:43:09,1.0,622.0
2020-06-17 16:44:09,1.0,623.0
2020-06-17 16:45:09,1.0,624.0
2020-06-17 16:46:09,1.0,625.0
2020-06-17 16:47:09,1.0,626.0
2020-06-17 16:48:09,1.0,627.0
2020-06-17 16:49:09,1.0,628.0
2020-06-17 16:50:09,1.0,629.0
2020-06-17 16:51:09,1.0,630.0
2020-06-17 16:52:09,1.0,631.0
2020-06-17 16:53:09,1.0,632.0
2020-06-17 16:54:09,1.0,633.0
2020-06-17 16:55:09,1.0,634.0
2020-06-17 16:56:09,1.0,635.0
2020-06-17 16:57:09,1.0,636.0
2020-06-17 16:58:09,1.0,637.0
2020-06-17 16:59:09,1.0,638.0
2020-06-17 17:00:09,1.0,639.0
2020-06-17 17:01:09,1.0,640.0
2020-06-17 17:02:09,1.0,641.0
2020-06-17 17:03:09,1.0,642.0
2020-06-17 17:04:09,1.0,643.0
2020-06-17 17:05:09,1.0,644.0
2020-06-17 17:06:09,1.0,645.0
2020-06-17 17:07:09,0.0,645.0
2020-06-17 17:08:09,0.0,645.0
2020-06-17 17:09:09,0.0,645.0
2020-06-17 17:10:09,0.0,645.0
2020-06-17 17:11:09,0.0,645.0
2020-06-17 17:12:09,0.0,645.0
2020-06-17 17:13:09,0.0,645.0
2020-06-17 17:14:09,0.0,645.0
2020-06-17 17:15:09,0.0,645.0
2020-06-17 17:16:09,0.0,645.0
2020-06-17 17:17:09,1.0,646.0
2020-06-17 17:18:09,1.0,647.0
2020-06-17 17:19:09,1.0,648.0
2020-06-17 17:20:09,1.0,649.0
2020-06-17 17:21:09,1.0,650.0
2020-06-17 17:22:09,1.0,651.0
2020-06-17 17:23:09,1.0,652.0
2020-06-17 17:24:09,1.0,653.0
2020-06-17 17:25:09,1.0,654.0
2020-06-17 17:26:09,1.0,655.0
2020-06-17 17:27:09,1.0,656.0
2020-06-17 17:28:09,1.0,657.0
2020-06-17 17:29:09,1.0,658.0
2020-06-17 17:30:09,1.0,659.0
2020-06-17 17:31:09,1.0,660.0
2020-06-17 17:32:09,1.0,661.0
2020-06-17 17:33:09,1.0,662.0
2020-06-17 17:34:09,1.0,663.0
2020-06-17 17:35:09,1.0,664.0
2020-06-17 17:36:09,1.0,665.0
2020-06-17 17:37:09,1.0,666.0
2020-06-17 17:38:09,1.0,667.0
2020-06-17 17:39:09,1.0,668.0
2020-06-17 17:40:09,1.0,669.0
2020-06-17 17:41:09,1.0,670.0
2020-06-17 17:42:09,0.0,670.0
2020-06-17 17:43:09,0.0,670.0
2020-06-17 17:44:09,0.0,670.0
2020-06-17 17:45:09,0.0,670.0
2020-06-17 17:46:09,0.0,670.0
2020-06-17 17:47:09,0.0,670.0
2020-06-17 17:48:09,0.0,670.0
2020-06-17 17:49:09,0.0,670.0
2020-06-17 17:50:09,0.0,670.0
2020-06-17 17:51:09,0.0,670.0
2020-06-17 17:52:09,0.0,670.0
2020-06-17 17:53:09,0.0,670.0
2020-06-17 17:54:09,0.0,670.0
2020-06-17 17:55:09,0.0,670.0
2020-06-17 17:56:09,0.0,670.0
2020-06-17 17:57:09,0.0,670.0
2020-06-17 17:58:09,0.0,670.0
2020-06-17 17:59:09,0.0,670.0
2020-06-17 18:00:09,0.0,670.0
2020-06-17 18:01:09,0.0,670.0
2020-06-17 18:02:09,0.0,670.0
2020-06-17 18:03:09,0.0,670.0
2020-06-17 18:04:09,0.0,670.0
2020-06-17 18:05:09,0.0,670.0
2020-06-17 18:06:09,0.0,670.0
2020-06-17 18:07:09,0.0,670.0
2020-06-17 18:08:09,0.0,670.0
2020-06-17 18:09:09,0.0,670.0
2020-06-17 18:10:09,0.0,670.0
2020-06-17 18:11:09,0.0,670.0
2020-06-17 18:12:09,0.0,670.0
2020-06-17 18:13:09,0.0,670.0
2020-06-17 18:14:09,0.0,670.0
2020-06-17 18:15:09,0.0,670.0
2020-06-17 18:16:09,0.0,670.0
2020-06-17 18:17:09,0.0,670.0
2020-06-17 18:18:09,0.0,670.0
2020-06-17 18:19:09,0.0,670.0
2020-06-17 18:20:09,0.0,670.0
2020-06-17 18:21:09,0.0,670.0
2020-06-17 18:22:09,0.0,670.0
2020-06-17 18:23:09,0.0,670.0
2020-06-17 18:24:09,0.0,670.0
2020-06-17 18:25:09,0.0,670.0
2020-06-17 18:26:09,0.0,670.0
2020-06-17 18:27:09,0.0,670.0
2020-06-17 18:28:09,0.0,670.0
2020-06-17 18:29:09,0.0,670.0
2020-06-17 18:30:09,0.0,670.0
2020-06-17 18:31:09,0.0,670.0
2020-06-17 18:32:09,0.0,670.0
2020-06-17 18:33:09,0.0,670.0
2020-06-17 18:34:09,0.0,670.0
2020-06-17 18:35:09,0.0,670.0
2020-06-17 18:36:09,0.0,670.0
2020-06-17 18:37:09,0.0,670.0
2020-06-17 18:38:09,0.0,670.0
2020-06-17 18:39:09,0.0,670.0
2020-06-17 18:40:09,0.0,670.0
2020-06-17 18:41:09,0.0,670.0
2020-06-17 18:42:09,0.0,670.0
2020-06-17 18:43:09,0.0,670.0
2020-06-17 18:44:09,0.0,670.0
2020-06-17 18:45:09,0.0,670.0
2020-06-17 18:46:09,1.0,671.0
2020-06-17 18:47:09,1.0,672.0
2020-06-17 18:48:09,1.0,673.0
2020-06-17 18:49:09,1.0,674.0
2020-06-17 18:50:09,1.0,675.0
2020-06-17 18:51:09,1.0,676.0
2020-06-17 18:52:09,1.0,677.0
2020-06-17 18:53:09,1.0,678.0
2020-06-17 18:54:09,1.0,679.0
2020-06-17 18:55:09,1.0,680.0
2020-06-17 18:56:09,1.0,681.0
2020-06-17 18:57:09,1.0,682.0
2020-06-17 18:58:09,1.0,683.0
2020-06-17 18:59:09,1.0,684.0
2020-06-17 19:00:09,1.0,685.0
2020-06-17 19:01:09,1.0,686.0
2020-06-17 19:02:09,1.0,687.0
2020-06-17 19:03:09,1.0,688.0
2020-06-17 19:04:09,1.0,689.0
2020-06-17 19:05:09,1.0,690.0
2020-06-17 19:06:09,1.0,691.0
2020-06-17 19:07:09,1.0,692.0
2020-06-17 19:08:09,1.0,693.0
2020-06-17 19:09:09,1.0,694.0
2020-06-17 19:10:09,1.0,695.0
2020-06-17 19:11:09,1.0,696.0
2020-06-17 19:12:09,1.0,697.0
2020-06-17 19:13:09,1.0,698.0
2020-06-17 19:14:09,1.0,699.0
2020-06-17 19:15:09,1.0,700.0
2020-06-17 19:16:09,1.0,701.0
2020-06-17 19:17:09,1.0,702.0
2020-06-17 19:18:09,1.0,703.0
2020-06-17 19:19:09,1.0,704.0
2020-06-17 19:20:09,1.0,705.0
2020-06-17 19:21:09,1.0,706.0
2020-06-17 19:22:09,1.0,707.0
2020-06-17 19:23:09,1.0,708.0
2020-06-17 19:24:09,1.0,709.0
2020-06-17 19:25:09,1.0,710.0
2020-06-17 19:26:09,1.0,711.0
2020-06-17 19:27:09,1.0,712.0
2020-06-17 19:28:09,1.0,713.0
2020-06-17 19:29:09,1.0,714.0
2020-06-17 19:30:09,1.0,715.0
2020-06-17 19:31:09,1.0,716.0
2020-06-17 19:32:09,1.0,717.0
2020-06-17 19:33:09,1.0,718.0
2020-06-17 19:34:09,1.0,719.0
2020-06-17 19:35:09,1.0,720.0
2020-06-17 19:36:09,1.0,721.0
2020-06-17 19:37:09,1.0,722.0
2020-06-17 19:38:09,1.0,723.0
2020-06-17 19:39:09,1.0,724.0
2020-06-17 19:40:09,1.0,725.0
2020-06-17 19:41:09,1.0,726.0
2020-06-17 19:42:09,1.0,727.0
2020-06-17 19:43:09,1.0,728.0
2020-06-17 19:44:09,1.0,729.0
2020-06-17 19:45:09,1.0,730.0
2020-06-17 19:46:09,1.0,731.0
2020-06-17 19:47:09,1.0,732.0
2020-06-17 19:48:09,1.0,733.0
2020-06-17 19:49:09,1.0,734.0
2020-06-17 19:50:09,1.0,735.0
2020-06-17 19:51:09,1.0,736.0
2020-06-17 19:52:09,1.0,737.0
2020-06-17 19:53:09,1.0,738.0
2020-06-17 19:54:09,1.0,739.0
2020-06-17 19:55:09,1.0,740.0
2020-06-17 19:56:09,1.0,741.0
2020-06-17 19:57:09,1.0,742.0
2020-06-17 19:58:09,1.0,743.0
2020-06-17 19:59:09,1.0,744.0
2020-06-17 20:00:09,1.0,745.0
2020-06-17 20:01:09,1.0,746.0
2020-06-17 20:02:09,1.0,747.0
2020-06-17 20:03:09,1.0,748.0
2020-06-17 20:04:09,1.0,749.0
2020-06-17 20:05:09,1.0,750.0
2020-06-17 20:06:09,1.0,751.0
2020-06-17 20:07:09,1.0,752.0
2020-06-17 20:08:09,1.0,753.0
2020-06-17 20:09:09,1.0,754.0
2020-06-17 20:10:09,1.0,755.0
2020-06-17 20:11:09,1.0,756.0
2020-06-17 20:12:09,1.0,757.0
2020-06-17 20:13:09,1.0,758.0
2020-06-17 20:14:09,1.0,759.0
2020-06-17 20:15:09,1.0,760.0
2020-06-17 20:16:09,1.0,761.0
2020-06-17 20:17:09,1.0,762.0
2020-06-17 20:18:09,1.0,763.0
2020-06-17 20:19:09,1.0,764.0
2020-06-17 20:20:09,1.0,765.0
2020-06-17 20:21:09,1.0,766.0
2020-06-17 20:22:09,1.0,767.0
2020-06-17 20:23:09,1.0,768.0
2020-06-17 20:24:09,1.0,769.0
2020-06-17 20:25:09,1.0,770.0
2020-06-17 20:26:09,1.0,771.0
2020-06-17 20:27:09,1.0,772.0
2020-06-17 20:28:09,1.0,773.0
2020-06-17 20:29:09,1.0,774.0
2020-06-17 20:30:09,1.0,775.0
2020-06-17 20:31:09,1.0,776.0
2020-06-17 20:32:09,1.0,777.0
2020-06-17 20:33:09,1.0,778.0
2020-06-17 20:34:09,1.0,779.0
2020-06-17 20:35:09,1.0,780.0
2020-06-17 20:36:09,1.0,781.0
2020-06-17 20:37:09,1.0,782.0
2020-06-17 20:38:09,1.0,783.0
2020-06-17 20:39:09,1.0,784.0
2020-06-17 20:40:09,1.0,785.0
2020-06-17 20:41:09,1.0,786.0
2020-06-17 20:42:09,1.0,787.0
2020-06-17 20:43:09,1.0,788.0
2020-06-17 20:44:09,1.0,789.0
2020-06-17 20:45:09,1.0,790.0
2020-06-17 20:46:09,1.0,791.0
2020-06-17 20:47:09,1.0,792.0
2020-06-17 20:48:09,1.0,793.0
2020-06-17 20:49:09,1.0,794.0
2020-06-17 20:50:09,1.0,795.0
2020-06-17 20:51:09,1.0,796.0
2020-06-17 20:52:09,1.0,797.0
2020-06-17 20:53:09,1.0,798.0
2020-06-17 20:54:09,1.0,799.0
2020-06-17 20:55:09,1.0,800.0
2020-06-17 20:56:09,1.0,801.0
2020-06-17 20:57:09,1.0,802.0
2020-06-17 20:58:09,1.0,803.0
2020-06-17 20:59:09,1.0,804.0
2020-06-17 21:00:09,1.0,805.0
2020-06-17 21:01:09,1.0,806.0
2020-06-17 21:02:09,1.0,807.0
2020-06-17 21:03:09,1.0,808.0
2020-06-17 21:04:09,1.0,809.0
2020-06-17 21:05:09,1.0,810.0
2020-06-17 21:06:09,1.0,811.0
2020-06-17 21:07:09,1.0,812.0
2020-06-17 21:08:09,1.0,813.0
2020-06-17 21:09:09,1.0,814.0
2020-06-17 21:10:09,1.0,815.0
2020-06-17 21:11:09,1.0,816.0
2020-06-17 21:12:09,1.0,817.0
2020-06-17 21:13:09,1.0,818.0
2020-06-17 21:14:09,1.0,819.0
2020-06-17 21:15:09,1.0,820.0
2020-06-17 21:16:09,1.0,821.0
2020-06-17 21:17:09,1.0,822.0
2020-06-17 21:18:09,1.0,823.0
2020-06-17 21:19:09,1.0,824.0
2020-06-17 21:20:09,1.0,825.0
2020-06-17 21:21:09,1.0,826.0
2020-06-17 21:22:09,1.0,827.0
2020-06-17 21:23:09,1.0,828.0
2020-06-17 21:24:09,1.0,829.0
2020-06-17 21:25:09,1.0,830.0
2020-06-17 21:26:09,1.0,831.0
2020-06-17 21:27:09,1.0,832.0
2020-06-17 21:28:09,1.0,833.0
2020-06-17 21:29:09,1.0,834.0
2020-06-17 21:30:09,1.0,835.0
2020-06-17 21:31:09,1.0,836.0
2020-06-17 21:32:09,1.0,837.0
2020-06-17 21:33:09,1.0,838.0
2020-06-17 21:34:09,1.0,839.0
2020-06-17 21:35:09,1.0,840.0
2020-06-17 21:36:09,1.0,841.0
2020-06-17 21:37:09,1.0,842.0
2020-06-17 21:38:09,1.0,843.0
2020-06-17 21:39:09,1.0,844.0
2020-06-17 21:40:09,1.0,845.0
2020-06-17 21:41:09,1.0,846.0
2020-06-17 21:42:09,1.0,847.0
2020-06-17 21:43:09,1.0,848.0
2020-06-17 21:44:09,1.0,849.0
2020-06-17 21:45:09,1.0,850.0
2020-06-17 21:46:09,1.0,851.0
2020-06-17 21:47:09,1.0,852.0
2020-06-17 21:48:09,1.0,853.0
2020-06-17 21:49:09,1.0,854.0
2020-06-17 21:50:09,1.0,855.0
2020-06-17 21:51:09,1.0,856.0
2020-06-17 21:52:09,1.0,857.0
2020-06-17 21:53:09,1.0,858.0
2020-06-17 21:54:09,1.0,859.0
2020-06-17 21:55:09,1.0,860.0
2020-06-17 21:56:09,1.0,861.0
2020-06-17 21:57:09,1.0,862.0
2020-06-17 21:58:09,1.0,863.0
2020-06-17 21:59:09,1.0,864.0
2020-06-17 22:00:09,1.0,865.0
2020-06-17 22:01:09,1.0,866.0
2020-06-17 22:02:09,1.0,867.0
2020-06-17 22:03:09,1.0,868.0
2020-06-17 22:04:09,1.0,869.0
2020-06-17 22:05:09,1.0,870.0
2020-06-17 22:06:09,1.0,871.0
2020-06-17 22:07:09,1.0,872.0
2020-06-17 22:08:09,0.0,872.0
2020-06-17 22:09:09,0.0,872.0
2020-06-17 22:10:09,0.0,872.0
2020-06-17 22:11:09,0.0,872.0
2020-06-17 22:12:09,0.0,872.0
2020-06-17 22:13:09,0.0,872.0
2020-06-17 22:14:09,0.0,872.0
2020-06-17 22:15:09,0.0,872.0
2020-06-17 22:16:09,0.0,872.0
2020-06-17 22:17:09,0.0,872.0
2020-06-17 22:18:09,0.0,872.0
2020-06-17 22:19:09,0.0,872.0
2020-06-17 22:20:09,0.0,872.0
2020-06-17 22:21:09,0.0,872.0
2020-06-17 22:22:09,0.0,872.0
2020-06-17 22:23:09,0.0,872.0
2020-06-17 22:24:09,0.0,872.0
2020-06-17 22:25:09,0.0,872.0
2020-06-17 22:26:09,0.0,872.0
2020-06-17 22:27:09,0.0,872.0
2020-06-17 22:28:09,0.0,872.0
2020-06-17 22:29:09,0.0,872.0
2020-06-17 22:30:09,0.0,872.0
2020-06-17 22:31:09,0.0,872.0
2020-06-17 22:32:09,0.0,872.0
2020-06-17 22:33:09,0.0,872.0
2020-06-17 22:34:09,0.0,872.0
2020-06-17 22:35:09,0.0,872.0
2020-06-17 22:36:09,0.0,872.0
2020-06-17 22:37:09,0.0,872.0
2020-06-17 22:38:09,0.0,872.0
2020-06-17 22:39:09,0.0,872.0
2020-06-17 22:40:09,0.0,872.0
2020-06-17 22:41:09,0.0,872.0
2020-06-17 22:42:09,0.0,872.0
2020-06-17 22:43:09,0.0,872.0
2020-06-17 22:44:09,0.0,872.0
2020-06-17 22:45:09,0.0,872.0
2020-06-17 22:46:09,0.0,872.0
2020-06-17 22:47:09,0.0,872.0
2020-06-17 22:48:09,0.0,872.0
2020-06-17 22:49:09,0.0,872.0
2020-06-17 22:50:09,0.0,872.0
2020-06-17 22:51:09,0.0,872.0
2020-06-17 22:52:09,0.0,872.0
2020-06-17 22:53:09,0.0,872.0
2020-06-17 22:54:09,0.0,872.0
2020-06-17 22:55:09,0.0,872.0
2020-06-17 22:56:09,0.0,872.0
2020-06-17 22:57:09,0.0,872.0
2020-06-17 22:58:09,0.0,872.0
2020-06-17 22:59:09,0.0,872.0
2020-06-17 23:00:09,0.0,872.0
2020-06-17 23:01:09,0.0,872.0
2020-06-17 23:02:09,0.0,872.0
2020-06-17 23:03:09,0.0,872.0
2020-06-17 23:04:09,0.0,872.0
2020-06-17 23:05:09,0.0,872.0
2020-06-17 23:06:09,0.0,872.0
2020-06-17 23:07:09,0.0,872.0
2020-06-17 23:08:09,0.0,872.0
2020-06-17 23:09:09,0.0,872.0
2020-06-17 23:10:09,0.0,872.0
2020-06-17 23:11:09,0.0,872.0
2020-06-17 23:12:09,0.0,872.0
2020-06-17 23:13:09,0.0,872.0
2020-06-17 23:14:09,0.0,872.0
2020-06-17 23:15:09,0.0,872.0
2020-06-17 23:16:09,0.0,872.0
2020-06-17 23:17:09,0.0,872.0
2020-06-17 23:18:09,0.0,872.0
2020-06-17 23:19:09,0.0,872.0
2020-06-17 23:20:09,0.0,872.0
2020-06-17 23:21:09,0.0,872.0
2020-06-17 23:22:09,0.0,872.0
2020-06-17 23:23:09,0.0,872.0
2020-06-17 23:24:09,0.0,872.0
2020-06-17 23:25:09,0.0,872.0
2020-06-17 23:26:09,0.0,872.0
2020-06-17 23:27:09,0.0,872.0
2020-06-17 23:28:09,0.0,872.0
2020-06-17 23:29:09,0.0,872.0
2020-06-17 23:30:09,0.0,872.0
2020-06-17 23:31:09,0.0,872.0
2020-06-17 23:32:09,0.0,872.0
2020-06-17 23:33:09,0.0,872.0
2020-06-17 23:34:09,0.0,872.0
